ID,No.,Type,Star,Name,Doll ID,Doll,Damage,Accuracy,Evasion,Move Speed,Rate of Fire,Crit.Rate,Crit.Damage,Armor Pen.,Armor,Shield,Damage Amplify,Damage Reduction,Night View,Rounds,Equip Exp,Equip Level,EQUIP_INFO_ADJUST_MAX,Adjust Count,Locked
15673,66,Supp (Silencer),★★★★★,AC4 Suppressor,124986988,HS2000,-,-,10,-,-,16%,-,-,-,-,-,-,-,-,10075,10,,4,
53295,8,EOT (Holographic),★★★★★,EOT 518,-,-,8,14,-,-,-6,-,-,-,-,-,-,-,-,-,10025,10,,5,
67266,12,Red Dot (Acc),★★★★★,ITI MARS,177426463,Nova,-,25.7184,-,-,-3.0139,-,-,-,-,-,-,-,-,-,10000,10,,0,
99316,72,HP (Ammo),★★★★★,ILM Hollow-Point Ammo,123463280,P22,15,-,-,-,-,-,-,-10,-,-,-,-,-,-,10175,10,,5,
105737,32,HV (Ammo),★★★★★,APCR High-Velocity Ammo,135110433,Angelica,20,-,-,-,-,-,-,-,-,-,-,-,-,-,10125,10,MAX,6,Locked
181798,66,Supp (Silencer),★★★★★,AC4 Suppressor,-,-,-,-,10,-,-,17.3336%,-,-,-,-,-,-,-,-,10100,10,,4,
191044,58,X Exo (Body),★★★★★,IOP X4 Exoskeleton,107266813,Python,-,-,20,-,-,-,-,-,-,-,-,-,-,-,10000,10,MAX,4,
204877,60,Sp. Eq (Exclusive),★★★★★,.300BLK High-Velocity Ammo,206256,ST AR-15 Mod,35,-,-,-,-10,-,-,-,-,-,-,-,-,-,30025,10,MAX,10,Locked
293915,8,EOT (Holographic),★★★★★,EOT 518,-,-,6.5,14,-,-,-4,-,-,-,-,-,-,-,-,-,10000,10,,3,
293920,8,EOT (Holographic),★★★★★,EOT 518,157912638,416 Mod,8,14,-,-,-4,-,-,-,-,-,-,-,-,-,10000,10,MAX,26,
301842,12,Red Dot (Acc),★★★★★,ITI MARS,-,-,-,23.3456,-,-,-3.2104,-,-,-,-,-,-,-,-,-,10000,10,,0,
308566,4,Optical (Acc),★★★★★,VFL 6-24X56,179608753,FO-12,-,-,-,-,-,48%,-,-,-,-,-,-,-,-,10100,10,MAX,12,
362120,20,AP (Ammo),★★★★★,Mk211 High-Explosive Armor-Piercing Ammo,142835161,Carcano M91/38,-,-,-,-,-,-,-,180,-,-,-,-,-,-,10000,10,MAX,9,
380743,59,Sp. Eq (Exclusive),★★★★★,National Match-Grade Armor-Piercing Ammo,-,-,-,-,-,-,10,-,-,187.5,-,-,-,-,-,-,30125,10,,52,Locked
411130,32,HV (Ammo),★★★★★,APCR High-Velocity Ammo,125332,M4A1 Mod,20,-,-,-,-,-,-,-,-,-,-,-,-,-,10000,10,MAX,6,Locked
413856,66,Supp (Silencer),★★★★★,AC4 Suppressor,-,-,-,-,7.3015,-,-,18.0860%,-,-,-,-,-,-,-,-,10000,10,,0,
451676,32,HV (Ammo),★★★★★,APCR High-Velocity Ammo,88498404,AK-12,20,-,-,-,-,-,-,-,-,-,-,-,-,-,10000,10,MAX,2,Locked
537352,12,Red Dot (Acc),★★★★★,ITI MARS,191959806,LTLX7000,-,24.00,-,-,-1,-,-,-,-,-,-,-,-,-,10000,10,,1,
540305,58,X Exo (Body),★★★★★,IOP X4 Exoskeleton,191705767,Rhino,-,-,16.7681,-,-,-,-,-,-,-,-,-,-,-,10000,10,,0,
557578,4,Optical (Acc),★★★★★,VFL 6-24X56,117477218,R93,-,-,-,-,-,48%,-,-,-,-,-,-,-,-,10050,10,MAX,3,
919072,90,Cape (Body),★★★★★,Thermoptic Camouflage Cape,44674909,Carcano M91/38,-,-,-,-3.0000,-,-,19.7654%,-,-,-,-,-,-,-,10000,10,,0,
1025479,40,T Exo (Body),★★★★★,IOP T4 Exoskeleton,295537,Makarov Mod,-8,-,35,-,-,-,-,-,-,-,-,-,-,-,10050,10,,7,
1025480,4,Optical (Acc),★★★★★,VFL 6-24X56,142835161,Carcano M91/38,-,-,-,-,-,48%,-,-,-,-,-,-,-,-,10000,10,MAX,5,
1179894,4,Optical (Acc),★★★★★,VFL 6-24X56,153371617,AK-15 Mod,-,-,-,-,-,48%,-,-,-,-,-,-,-,-,10050,10,MAX,4,
1374590,20,AP (Ammo),★★★★★,Mk211 High-Explosive Armor-Piercing Ammo,-,-,-,-,-,-,-,-,-,180,-,-,-,-,-,-,10000,10,MAX,10,
1389747,4,Optical (Acc),★★★★★,VFL 6-24X56,107794682,Carcano M91/38,-,-,-,-,-,48%,-,-,-,-,-,-,-,-,10025,10,MAX,5,
1408993,72,HP (Ammo),★★★★★,ILM Hollow-Point Ammo,5712273,Stechkin Mod,15,-,-,-,-,-,-,-10,-,-,-,-,-,-,10000,10,,3,
1563198,44,Plate (Body),★★★★★,Type 3 Armor Plate,179608753,FO-12,-,-,-2,-,-,-,-,-,11,-,-,-,-,-,10025,10,MAX,9,
1614680,20,AP (Ammo),★★★★★,Mk211 High-Explosive Armor-Piercing Ammo,-,-,-,-,-,-,-,-,-,177.0,-,-,-,-,-,-,10025,10,,7,
1871918,49,PEQ (Acc),★★★★★,16Lab Infrared Designator,-,-,-,-,-,-,-,-,-,-,-,-,-,-,100.0000%,-,0,0,MAX,0,Locked
1876293,50,AP (Ammo),★★★★★,16Lab Sub-Caliber Armor-Piercing Ammo,165345021,De Lisle,-,-,-,-,-,-,-,180.0000,-,-,-,-,-,-,10000,10,MAX,0,
1906440,16,PEQ (Acc),★★★★★,PEQ-16A,-,-,-,-,-,-,-,-,-,-,-,-,-,-,100%,-,0,0,MAX,21,Locked
2271861,16,PEQ (Acc),★★★★★,PEQ-16A,-,-,-,-,-,-,-,-,-,-,-,-,-,-,98.0002%,-,0,0,,13,
2287995,8,EOT (Holographic),★★★★★,EOT 518,16379005,NTW-20 Mod,8,10.9454,-,-,-5.0,-,-,-,-,-,-,-,-,-,10000,10,,1,
2369797,68,MG Box (Body),★★★★★,IOP Maximum Ammo Box,1060777,LWMMG Mod,-,-,-2.825,-,-,-,-,-,-,-,-,-,-,4.3626,10025,10,,0,
2521803,44,Plate (Body),★★★★★,Type 3 Armor Plate,-,-,-,-,-2,-,-,-,-,-,11,-,-,-,-,-,10050,10,MAX,3,
2646273,32,HV (Ammo),★★★★★,APCR High-Velocity Ammo,31122160,Gr G41,20,-,-,-,-,-,-,-,-,-,-,-,-,-,10050,10,MAX,5,Locked
2646328,72,HP (Ammo),★★★★★,ILM Hollow-Point Ammo,188247599,Kolibri,10.0440,-,-,-,-,-,-,-8.9692,-,-,-,-,-,-,10000,10,,0,
2652897,68,MG Box (Body),★★★★★,IOP Maximum Ammo Box,-,-,-,-,-3,-,-,-,-,-,-,-,-,-,-,5,10025,10,,1,
2743249,4,Optical (Acc),★★★★★,VFL 6-24X56,44674909,Carcano M91/38,-,-,-,-,-,48%,-,-,-,-,-,-,-,-,10125,10,MAX,6,
2743795,40,T Exo (Body),★★★★★,IOP T4 Exoskeleton,123821498,P22,-8,-,35,-,-,-,-,-,-,-,-,-,-,-,10000,10,,6,
2753490,39,T Exo (Body),★★★★,IOP T3 Exoskeleton,3997646,Grizzly,-6,-,22,-,-,-,-,-,-,-,-,-,-,-,5000,10,,2,
2768155,4,Optical (Acc),★★★★★,VFL 6-24X56,173177117,General Liu,-,-,-,-,-,48%,-,-,-,-,-,-,-,-,10000,10,MAX,6,
2768162,66,Supp (Silencer),★★★★★,AC4 Suppressor,187437862,MPL,-,-,7.9357,-,-,17.3924%,-,-,-,-,-,-,-,-,10000,10,,0,
3175506,8,EOT (Holographic),★★★★★,EOT 518,-,-,8,12.50,-,-,-4,-,-,-,-,-,-,-,-,-,10000,10,,6,
3388430,72,HP (Ammo),★★★★★,ILM Hollow-Point Ammo,140527306,Desert Eagle,15,-,-,-,-,-,-,-10,-,-,-,-,-,-,10000,10,,3,
3434476,8,EOT (Holographic),★★★★★,EOT 518,-,-,7.541,8.4272,-,-,-5.6216,-,-,-,-,-,-,-,-,-,10000,10,,0,
3691906,66,Supp (Silencer),★★★★★,AC4 Suppressor,-,-,-,-,8.8078,-,-,17.7616%,-,-,-,-,-,-,-,-,10000,10,,0,
3775945,4,Optical (Acc),★★★★★,VFL 6-24X56,206256,ST AR-15 Mod,-,-,-,-,-,48%,-,-,-,-,-,-,-,-,10050,10,MAX,6,
3783766,4,Optical (Acc),★★★★★,VFL 6-24X56,188258963,Defender,-,-,-,-,-,48%,-,-,-,-,-,-,-,-,10025,10,MAX,6,
3969718,76,Buck (Shell),★★★★★,#000 Buckshot,-,-,13.0890,-,-,-,-,-,18.4293%,-,-,-,-,-,-,-,10000,10,,0,
4088738,4,Optical (Acc),★★★★★,VFL 6-24X56,191700169,QBZ-191,-,-,-,-,-,48%,-,-,-,-,-,-,-,-,10025,10,MAX,7,
4115064,66,Supp (Silencer),★★★★★,AC4 Suppressor,130815474,Python,-,-,8.2573,-,-,17.1216%,-,-,-,-,-,-,-,-,10025,10,,0,
4120981,80,Slug (Shell),★★★★★,SABOT Slug,-,-,-,18.3214,-,-,-,-,-,-,-,-,-,-,-,-,10000,10,,0,Locked
4655725,68,MG Box (Body),★★★★★,IOP Maximum Ammo Box,-,-,-,-,-3,-,-,-,-,-,-,-,-,-,-,5,10050,10,,1,
5963896,8,EOT (Holographic),★★★★★,EOT 518,-,-,7.7267,9.50,-,-,-4,-,-,-,-,-,-,-,-,-,10000,10,,2,
6178227,95,HP (Ammo),★★★★★,16Lab Hollow-Point,155379590,Webley,15.0000,-,-,-,-,-,-,-7.00,-,-,-,-,-,-,10000,10,MAX,0,
6222199,94,Sp. Eq (Exclusive),★★★★★,Tactical Memory Module,-,-,3.9158,-4.9950,-,-,-,-,-,-,-,-,-,-,-,3.2075,0,0,,0,Locked
6222200,96,Cape (Body),★★★★★,16Lab Thermoptic Cape,104476894,M82A1,-,-,-,-3.0000,-,-,25.000%,-,-,-,-,-,-,-,10000,10,MAX,0,
6296841,16,PEQ (Acc),★★★★★,PEQ-16A,59377028,64 Shiki,-,-,-,-,-,-,-,-,-,-,-,-,94.8709%,-,0,0,,0,
6308395,44,Plate (Body),★★★★★,Type 3 Armor Plate,25760127,M500 Mod,-,-,-3,-,-,-,-,-,11,-,-,-,-,-,10050,10,,6,
6309557,66,Supp (Silencer),★★★★★,AC4 Suppressor,87334879,MP-443 Mod,-,-,8.1283,-,-,17.2824%,-,-,-,-,-,-,-,-,10000,10,,0,
6312511,20,AP (Ammo),★★★★★,Mk211 High-Explosive Armor-Piercing Ammo,1554028,Mosin-Nagant Mod,-,-,-,-,-,-,-,180,-,-,-,-,-,-,10000,10,MAX,26,
6312513,68,MG Box (Body),★★★★★,IOP Maximum Ammo Box,174350235,RPK-203,-,-,-3,-,-,-,-,-,-,-,-,-,-,5,10025,10,,2,
6329766,44,Plate (Body),★★★★★,Type 3 Armor Plate,187890424,M26-MASS,-,-,-3,-,-,-,-,-,11,-,-,-,-,-,10000,10,,3,
6329991,66,Supp (Silencer),★★★★★,AC4 Suppressor,124089035,P22,-,-,7.4077,-,-,16.6916%,-,-,-,-,-,-,-,-,10000,10,,0,
6330149,72,HP (Ammo),★★★★★,ILM Hollow-Point Ammo,87334879,MP-443 Mod,11.9575,-,-,-,-,-,-,-9.3139,-,-,-,-,-,-,10000,10,,0,
6330159,32,HV (Ammo),★★★★★,APCR High-Velocity Ammo,1041067,416 Mod,20,-,-,-,-,-,-,-,-,-,-,-,-,-,10050,10,MAX,6,Locked
6330164,20,AP (Ammo),★★★★★,Mk211 High-Explosive Armor-Piercing Ammo,269505,WA2000,-,-,-,-,-,-,-,180,-,-,-,-,-,-,10175,10,MAX,10,
6330308,20,AP (Ammo),★★★★★,Mk211 High-Explosive Armor-Piercing Ammo,104969,M14 Mod,-,-,-,-,-,-,-,180,-,-,-,-,-,-,10025,10,MAX,19,
6330309,20,AP (Ammo),★★★★★,Mk211 High-Explosive Armor-Piercing Ammo,-,-,-,-,-,-,-,-,-,174.0,-,-,-,-,-,-,10000,10,,5,
6330713,58,X Exo (Body),★★★★★,IOP X4 Exoskeleton,-,-,-,-,17.3687,-,-,-,-,-,-,-,-,-,-,-,10000,10,,0,
6331003,20,AP (Ammo),★★★★★,Mk211 High-Explosive Armor-Piercing Ammo,104476894,M82A1,-,-,-,-,-,-,-,172.5,-,-,-,-,-,-,10075,10,,4,
6331026,16,PEQ (Acc),★★★★★,PEQ-16A,-,-,-,-,-,-,-,-,-,-,-,-,-,-,98.1694%,-,0,0,,0,
6331190,20,AP (Ammo),★★★★★,Mk211 High-Explosive Armor-Piercing Ammo,-,-,-,-,-,-,-,-,-,169.5,-,-,-,-,-,-,10000,10,,2,
6331198,32,HV (Ammo),★★★★★,APCR High-Velocity Ammo,174367756,FX-05,20,-,-,-,-,-,-,-,-,-,-,-,-,-,10025,10,MAX,7,Locked
6331206,76,Buck (Shell),★★★★★,#000 Buckshot,115483388,FP-6,12.0710,-,-,-,-,-,17.9904%,-,-,-,-,-,-,-,10000,10,,0,
6331293,44,Plate (Body),★★★★★,Type 3 Armor Plate,156431075,DP-12,-,-,-2,-,-,-,-,-,11,-,-,-,-,-,10075,10,MAX,7,
6331370,58,X Exo (Body),★★★★★,IOP X4 Exoskeleton,-,-,-,-,13.9807,-,-,-,-,-,-,-,-,-,-,-,10025,10,,0,
6331377,44,Plate (Body),★★★★★,Type 3 Armor Plate,188259107,Defender,-,-,-3,-,-,-,-,-,11,-,-,-,-,-,10000,10,,2,
6331382,58,X Exo (Body),★★★★★,IOP X4 Exoskeleton,-,-,-,-,15.2771,-,-,-,-,-,-,-,-,-,-,-,10000,10,,0,
6372628,68,MG Box (Body),★★★★★,IOP Maximum Ammo Box,142298421,Kord,-,-,-3,-,-,-,-,-,-,-,-,-,-,5,10000,10,,1,
6802217,82,Buck (Shell),★★★★★,16Lab Buckshot,-,-,15.0000,-,-,-,-,-,22.0000%,-,-,-,-,-,-,-,10000,10,MAX,0,
6820696,4,Optical (Acc),★★★★★,VFL 6-24X56,-,-,-,-,-,-,-,48%,-,-,-,-,-,-,-,-,10075,10,MAX,13,
6822283,81,Plate (Body),★★★★★,16Lab Armor Plate,178828707,LTLX7000,-,-,-2.0000,-,-,-,-,-,11.0000,-,-,-,-,-,10000,10,MAX,0,
7137561,16,PEQ (Acc),★★★★★,PEQ-16A,142544651,StG44 Mod,-,-,-,-,-,-,-,-,-,-,-,-,98.1982%,-,0,0,,0,
7277703,66,Supp (Silencer),★★★★★,AC4 Suppressor,155379590,Webley,-,-,7,-,-,20%,-,-,-,-,-,-,-,-,10025,10,,5,
7277706,68,MG Box (Body),★★★★★,IOP Maximum Ammo Box,-,-,-,-,-3,-,-,-,-,-,-,-,-,-,-,5,10025,10,,1,
7294199,40,T Exo (Body),★★★★★,IOP T4 Exoskeleton,-,-,-8,-,35,-,-,-,-,-,-,-,-,-,-,-,10025,10,,4,
7320843,16,PEQ (Acc),★★★★★,PEQ-16A,-,-,-,-,-,-,-,-,-,-,-,-,-,-,100%,-,0,0,MAX,7,Locked
7368333,44,Plate (Body),★★★★★,Type 3 Armor Plate,184985932,M26-MASS,-,-,-3,-,-,-,-,-,11,-,-,-,-,-,10000,10,,1,
7477276,72,HP (Ammo),★★★★★,ILM Hollow-Point Ammo,124089035,P22,15,-,-,-,-,-,-,-10,-,-,-,-,-,-,10075,10,,3,
7514668,32,HV (Ammo),★★★★★,APCR High-Velocity Ammo,31122305,Zas M21,20,-,-,-,-,-,-,-,-,-,-,-,-,-,10025,10,MAX,5,Locked
7514670,20,AP (Ammo),★★★★★,Mk211 High-Explosive Armor-Piercing Ammo,-,-,-,-,-,-,-,-,-,180,-,-,-,-,-,-,10000,10,MAX,5,
7588690,58,X Exo (Body),★★★★★,IOP X4 Exoskeleton,-,-,-,-,14.7507,-,-,-,-,-,-,-,-,-,-,-,10000,10,,0,
7716702,16,PEQ (Acc),★★★★★,PEQ-16A,-,-,-,-,-,-,-,-,-,-,-,-,-,-,98.0002%,-,0,0,,10,
7866808,8,EOT (Holographic),★★★★★,EOT 518,-,-,8,14,-,-,-4,-,-,-,-,-,-,-,-,-,10175,10,MAX,15,
7867071,4,Optical (Acc),★★★★★,VFL 6-24X56,125332,M4A1 Mod,-,-,-,-,-,48%,-,-,-,-,-,-,-,-,10000,10,MAX,9,
7867355,20,AP (Ammo),★★★★★,Mk211 High-Explosive Armor-Piercing Ammo,-,-,-,-,-,-,-,-,-,175.5,-,-,-,-,-,-,10000,10,,2,
7867381,16,PEQ (Acc),★★★★★,PEQ-16A,-,-,-,-,-,-,-,-,-,-,-,-,-,-,94.9519%,-,0,0,,0,
7867485,44,Plate (Body),★★★★★,Type 3 Armor Plate,-,-,-,-,-3,-,-,-,-,-,11,-,-,-,-,-,10000,10,,1,
8011301,4,Optical (Acc),★★★★★,VFL 6-24X56,-,-,-,-,-,-,-,48%,-,-,-,-,-,-,-,-,10000,10,MAX,10,
8036882,58,X Exo (Body),★★★★★,IOP X4 Exoskeleton,140527306,Desert Eagle,-,-,20,-,-,-,-,-,-,-,-,-,-,-,10000,10,MAX,6,
8101699,66,Supp (Silencer),★★★★★,AC4 Suppressor,157913598,HP-35,-,-,8.4307,-,-,18.1620%,-,-,-,-,-,-,-,-,10000,10,,0,
8187790,86,Sp. Eq (Exclusive),★★★★★,Hayha Memory Chip,1554028,Mosin-Nagant Mod,30,-,2,-,-,-,30%,-,-,-,-,-,-,-,30000,10,,13,Locked
8224375,91,Sp. Eq (Exclusive),★★★★★,Special Warfare Mobile Suit,391997,M16A1,-,-20.0000,10.0000,-,-10.0000,-,-,-,20.0000,-,-,-,-,-,30000,10,MAX,0,Locked
8238922,61,Sp. Eq (Exclusive),★★★★★,Titan Fire-Control Chip,19735,M1918 Mod,-2,-,-,-,-5.9994,-,-,-,-,-,-,-,-,6,30000,10,,2,Locked
8253027,62,Sp. Eq (Exclusive),★★★★★,GSG UX Exoskeleton,11195109,Gr MP5 Mod,-10,-,50.4,-,-,-,-,-,-,-,-,-,-,-,30000,10,,5,Locked
8289233,83,Sp. Eq (Exclusive),★★★★★,KSTSP,-,-,-,-,-,-,-,32.0000%,40.0000%,-,-,-,-,-,-,-,0,0,MAX,0,Locked
8289234,83,Sp. Eq (Exclusive),★★★★★,KSTSP,-,-,-,-,-,-,-,32.0000%,40.0000%,-,-,-,-,-,-,-,0,0,MAX,0,Locked
8645684,40,T Exo (Body),★★★★★,IOP T4 Exoskeleton,124751876,P22,-7.5252,-,34.9685,-,-,-,-,-,-,-,-,-,-,-,10000,10,,0,
8734866,4,Optical (Acc),★★★★★,VFL 6-24X56,180498010,HS.50,-,-,-,-,-,42.0010%,-,-,-,-,-,-,-,-,10000,10,,4,
8743301,109,Optical (Acc),★★★★★,16Lab 6-24X56,44673739,M200,-,-,-,-,-,48.0000%,-,-,-,-,-,-,-,-,10000,10,MAX,0,
8796300,4,Optical (Acc),★★★★★,VFL 6-24X56,34731237,Gr G11 Mod,-,-,-,-,-,48%,-,-,-,-,-,-,-,-,10075,10,MAX,6,
9328036,110,HV (Ammo),★★★★★,16Lab High-Velocity Ammo,170098,M4 SOPMOD II Mod,20.0000,-,-,-,-,-,-,-,-,-,-,-,-,-,10025,10,MAX,0,Locked
9363990,109,Optical (Acc),★★★★★,16Lab 6-24X56,-,-,-,-,-,-,-,48.0000%,-,-,-,-,-,-,-,-,10000,10,MAX,0,
9599763,108,Sp. Eq (Exclusive),★★★★★,Blue Thick Cape,-,-,-,-,-,-3.00,1.2318,-,11.7992%,-,-,-,-,-,-,-,0,0,,0,Locked
9858803,92,Sp. Eq (Exclusive),★★★★★,UMP UX Exoskeleton,283312,UMP45 Mod,-,-,35,-,-,-,18%,-,-,-,-,-,-,-,30000,10,,5,Locked
9927333,92,Sp. Eq (Exclusive),★★★★★,UMP UX Exoskeleton,268590,UMP9 Mod,-,-,35,-,-,-,18%,-,-,-,-,-,-,-,30000,10,,5,Locked
10309327,72,HP (Ammo),★★★★★,ILM Hollow-Point Ammo,-,-,11.1105,-,-,-,-,-,-,-9.1225,-,-,-,-,-,-,10000,10,,0,
10331582,20,AP (Ammo),★★★★★,Mk211 High-Explosive Armor-Piercing Ammo,-,-,-,-,-,-,-,-,-,179.8065,-,-,-,-,-,-,10025,10,,0,
10335350,44,Plate (Body),★★★★★,Type 3 Armor Plate,-,-,-,-,-3,-,-,-,-,-,11,-,-,-,-,-,10000,10,,5,
10337153,32,HV (Ammo),★★★★★,APCR High-Velocity Ammo,59380490,K11,15.9176,-,-,-,-,-,-,-,-,-,-,-,-,-,10000,10,,2,
10363593,20,AP (Ammo),★★★★★,Mk211 High-Explosive Armor-Piercing Ammo,44673739,M200,-,-,-,-,-,-,-,180,-,-,-,-,-,-,10000,10,MAX,16,
10574620,58,X Exo (Body),★★★★★,IOP X4 Exoskeleton,-,-,-,-,9.812,-,-,-,-,-,-,-,-,-,-,-,0,0,,0,
11123661,4,Optical (Acc),★★★★★,VFL 6-24X56,-,-,-,-,-,-,-,44.0002%,-,-,-,-,-,-,-,-,10000,10,,2,
11309670,93,Sp. Eq (Exclusive),★★★★★,PKN03M Night Vision Scope,104953,9A-91,8.0000,-,-,-,-,-,-,-,-,-,-,-,100.0000%,-,30000,10,MAX,0,Locked
11500360,4,Optical (Acc),★★★★★,VFL 6-24X56,31102536,Ribeyrolles Mod,-,-,-,-,-,39.7834%,-,-,-,-,-,-,-,-,10000,10,,1,
11726498,121,T Exo (Body),★★★★★,16Lab T4 Exoskeleton,124986988,HS2000,-6.0000,-,35.0000,-,-,-,-,-,-,-,-,-,-,-,10025,10,MAX,0,
11803195,120,Red Dot (Acc),★★★★★,16Lab MARS,156431075,DP-12,-,30.0000,-,-,-1.0000,-,-,-,-,-,-,-,-,-,10000,10,MAX,0,
12550788,4,Optical (Acc),★★★★★,VFL 6-24X56,87964902,Type56R Mod,-,-,-,-,-,39.8996%,-,-,-,-,-,-,-,-,10000,10,,0,
12776101,95,HP (Ammo),★★★★★,16Lab Hollow-Point,187437862,MPL,15.000,-,-,-,-,-,-,-7.0000,-,-,-,-,-,-,10000,10,MAX,0,
14242108,137,Sp. Eq (Exclusive),★★★★★,Adelhyde,-,-,-,-,15.0000,-,-,-,-,-,-,-,-,-,-,-,0,0,MAX,0,Locked
14242109,138,Sp. Eq (Exclusive),★★★★★,Flanergide,-,-,-,-,15.0000,-,-,-,-,-,-,-,-,-,-,-,0,0,MAX,0,Locked
14242110,139,Sp. Eq (Exclusive),★★★★★,Adelhyde,-,-,-,-,15.000,-,-,-,-,-,-,-,-,-,-,-,0,0,MAX,0,Locked
14242111,140,Sp. Eq (Exclusive),★★★★★,Bronson Extract,71631590,Jill Stingray,-,-,15.0000,-,-,-,-,-,-,-,-,-,-,-,0,0,MAX,0,Locked
14242112,141,Sp. Eq (Exclusive),★★★★★,Powdered Delta,-,-,-,-,15.0000,-,-,-,-,-,-,-,-,-,-,-,0,0,MAX,0,Locked
14242113,142,Sp. Eq (Exclusive),★★★★★,Karmotrine,-,-,-,-,15.0000,-,-,-,-,-,-,-,-,-,-,-,0,0,MAX,0,Locked
14242114,143,Sp. Eq (Exclusive),★★★★★,Karmotrine,-,-,-,-,15.0000,-,-,-,-,-,-,-,-,-,-,-,0,0,MAX,0,Locked
14242115,144,Sp. Eq (Exclusive),★★★★★,Karmotrine,-,-,-,-,15.0000,-,-,-,-,-,-,-,-,-,-,-,0,0,MAX,0,Locked
14243113,146,Sp. Eq (Exclusive),★★★★★,MIRD Class-5 Rounds,-,-,19.9776,-,-,-,-,-,-,-9.898,-,-,-,-,-,-,30000,10,,0,Locked
14243125,148,Sp. Eq (Exclusive),★★★★★,Prosthetic Eye,-,-,-,-,-,-3.0000,1.8416,-,22.2344%,-,-,-,-,-,-,-,30000,10,,0,Locked
14243134,147,Sp. Eq (Exclusive),★★★★★,White Knight's Armor,71698366,Sei Asagiri,-,-,34,-,-,-,-,-,-,-,-,-,-,-,30000,10,MAX,6,Locked
14243136,149,Sp. Eq (Exclusive),★★★★★,Cybernetic Hands,-,-,2.9612,-,-2.4434,-,-,-,-,-,-,-,-,-,-,3.665,0,0,,0,Locked
14243149,145,Sp. Eq (Exclusive),★★★★★,Prosthetic Arm,68566246,Dana Zane,4.6719,-,-2.8231,-,-,-,-,-,8.213,-,-,-,-,-,30000,10,,0,Locked
15054648,32,HV (Ammo),★★★★★,APCR High-Velocity Ammo,153371617,AK-15 Mod,20,-,-,-,-,-,-,-,-,-,-,-,-,-,10050,10,MAX,2,Locked
15183885,32,HV (Ammo),★★★★★,APCR High-Velocity Ammo,34731237,Gr G11 Mod,20,-,-,-,-,-,-,-,-,-,-,-,-,-,10000,10,MAX,6,Locked
15194802,32,HV (Ammo),★★★★★,APCR High-Velocity Ammo,41969066,AUG,14.4399,-,-,-,-,-,-,-,-,-,-,-,-,-,10000,10,,2,
15211468,20,AP (Ammo),★★★★★,Mk211 High-Explosive Armor-Piercing Ammo,-,-,-,-,-,-,-,-,-,174.7290,-,-,-,-,-,-,10000,10,,2,
15234468,20,AP (Ammo),★★★★★,Mk211 High-Explosive Armor-Piercing Ammo,-,-,-,-,-,-,-,-,-,178.5,-,-,-,-,-,-,10000,10,,6,
15234475,76,Buck (Shell),★★★★★,#000 Buckshot,-,-,11.3435,-,-,-,-,-,21.4029%,-,-,-,-,-,-,-,10000,10,,0,
15234560,32,HV (Ammo),★★★★★,APCR High-Velocity Ammo,34734646,Am RFB,16.5,-,-,-,-,-,-,-,-,-,-,-,-,-,10000,10,,2,
15279872,16,PEQ (Acc),★★★★★,PEQ-16A,-,-,-,-,-,-,-,-,-,-,-,-,-,-,98.0002%,-,0,0,,8,
15791151,72,HP (Ammo),★★★★★,ILM Hollow-Point Ammo,187437863,MPK,12.130,-,-,-,-,-,-,-8.8468,-,-,-,-,-,-,10000,10,,0,
15847377,4,Optical (Acc),★★★★★,VFL 6-24X56,-,-,-,-,-,-,-,39.8506%,-,-,-,-,-,-,-,-,10000,10,,0,
16077509,66,Supp (Silencer),★★★★★,AC4 Suppressor,184171122,Kolibri,-,-,7.7719,-,-,16.6308%,-,-,-,-,-,-,-,-,10000,10,,0,
16093592,161,Sp. Eq (Exclusive),★★★★★,Advanced Infantry Sight,-,-,2.734,-,-,-,-,20.0807%,-,-,-,-,-,-,-,-,0,0,,5,Locked
16210714,161,Sp. Eq (Exclusive),★★★★★,Advanced Infantry Sight,-,-,2.5273,-,-,-,-,20.3124%,-,-,-,-,-,-,-,-,1,0,,0,Locked
16233223,44,Plate (Body),★★★★★,Type 3 Armor Plate,-,-,-,-,-3,-,-,-,-,-,11,-,-,-,-,-,10000,10,,1,
16736164,4,Optical (Acc),★★★★★,VFL 6-24X56,-,-,-,-,-,-,-,35.3958%,-,-,-,-,-,-,-,-,10000,10,,0,
16736579,110,HV (Ammo),★★★★★,16Lab High-Velocity Ammo,-,-,20.0000,-,-,-,-,-,-,-,-,-,-,-,-,-,10001,10,MAX,0,Locked
16736580,95,HP (Ammo),★★★★★,16Lab Hollow-Point,107266813,Python,15.0000,-,-,-,-,-,-,-7.0000,-,-,-,-,-,-,10026,10,MAX,0,
16880838,66,Supp (Silencer),★★★★★,AC4 Suppressor,123463280,P22,-,-,7.2148,-,-,18.5092%,-,-,-,-,-,-,-,-,10000,10,,0,
16944349,40,T Exo (Body),★★★★★,IOP T4 Exoskeleton,184171122,Kolibri,-8,-,35,-,-,-,-,-,-,-,-,-,-,-,10000,10,,2,
16973352,66,Supp (Silencer),★★★★★,AC4 Suppressor,-,-,-,-,7.2154,-,-,18.6224%,-,-,-,-,-,-,-,-,10000,10,,0,
16999468,100,Sp. Eq (Exclusive),★★★★★,Lightweight Rail Kit,206256,ST AR-15 Mod,15,8.0,-,-,-,-,30%,-,-,-,-,-,-,-,30000,10,,5,Locked
17079903,99,Sp. Eq (Exclusive),★★★★★,Inherited Case,125332,M4A1 Mod,20,-,-,-,20,-,-,-,15,-,-,-,-,-,30000,10,MAX,16,Locked
17216678,40,T Exo (Body),★★★★★,IOP T4 Exoskeleton,87334879,MP-443 Mod,-7.1394,-,31.2809,-,-,-,-,-,-,-,-,-,-,-,10025,10,,0,
17222937,106,Sp. Eq (Exclusive),★★★★★,EOT XPS3,1041067,416 Mod,8,12.50,-,-,-,25%,-,-,-,-,-,-,-,-,30000,10,,15,Locked
17309758,4,Optical (Acc),★★★★★,VFL 6-24X56,-,-,-,-,-,-,-,35.7108%,-,-,-,-,-,-,-,-,10000,10,,0,
17974870,16,PEQ (Acc),★★★★★,PEQ-16A,-,-,-,-,-,-,-,-,-,-,-,-,-,-,95.9527%,-,0,0,,4,
17974872,4,Optical (Acc),★★★★★,VFL 6-24X56,-,-,-,-,-,-,-,42.3818%,-,-,-,-,-,-,-,-,10000,10,,0,
18011232,4,Optical (Acc),★★★★★,VFL 6-24X56,165345021,De Lisle,-,-,-,-,-,44.2998%,-,-,-,-,-,-,-,-,10000,10,,0,
18280354,105,Sp. Eq (Exclusive),★★★★★,PM 5-25X56,26965023,Kar98k,-,-,-,-,-,48.0000%,20.0000%,-,-,-,-,-,-,-,30000,10,MAX,0,Locked
18423838,66,Supp (Silencer),★★★★★,AC4 Suppressor,-,-,-,-,8.4478,-,-,16.5384%,-,-,-,-,-,-,-,-,10000,10,,0,
18656331,168,Sp. Eq (Exclusive),★★★★★,Folding Stock,-,-,-,-,13.3443,-,-,12.0366%,-,-,-,-,-,-,-,-,1,0,,0,Locked
18656332,169,Sp. Eq (Exclusive),★★★★★,Am RFB Quad Rail,34734646,Am RFB,-,-,-,-,-,48%,18%,-,-,-,-,-,-,-,30000,10,MAX,26,
18882298,4,Optical (Acc),★★★★★,VFL 6-24X56,-,-,-,-,-,-,-,39.4110%,-,-,-,-,-,-,-,-,10000,10,,0,
19417182,76,Buck (Shell),★★★★★,#000 Buckshot,-,-,8.2933,-,-,-,-,-,14.1845%,-,-,-,-,-,-,-,0,0,,0,
19557323,66,Supp (Silencer),★★★★★,AC4 Suppressor,-,-,-,-,10,-,-,16%,-,-,-,-,-,-,-,-,10000,10,,4,
19991483,16,PEQ (Acc),★★★★★,PEQ-16A,-,-,-,-,-,-,-,-,-,-,-,-,-,-,98.614%,-,0,0,,0,
20050228,72,HP (Ammo),★★★★★,ILM Hollow-Point Ammo,132009613,Gr VP70,12.7605,-,-,-,-,-,-,-9.481,-,-,-,-,-,-,10000,10,,0,
20051363,125,Sp. Eq (Exclusive),★★★★★,Additional Computing Module,283312,UMP45 Mod,-,-,11.8405,-,-,22.4776%,-,-,-,-,-,-,-,-,30000,10,,0,Locked
20344267,20,AP (Ammo),★★★★★,Mk211 High-Explosive Armor-Piercing Ammo,10533702,Lee Enfield,-,-,-,-,-,-,-,180,-,-,-,-,-,-,10000,10,MAX,18,
20942781,127,Sp. Eq (Exclusive),★★★★★,Hi-Performance Tactical Hair Accessory,31122160,Gr G41,25.0000,10.0000,20.0000,-,-,-,-,-,-,-,-,-,-,-,30000,10,MAX,0,Locked
20967314,12,Red Dot (Acc),★★★★★,ITI MARS,184985932,M26-MASS,-,28.3648,-,-,-2.2165,-,-,-,-,-,-,-,-,-,10000,10,,0,
21197485,126,Sp. Eq (Exclusive),★★★★★,Dinergate RO,170098,M4 SOPMOD II Mod,26,14,-,-,-2,-,-,-,-,-,-,-,-,-,30000,10,,4,Locked
21197507,130,Sp. Eq (Exclusive),★★★★★,Gr G36 Hybrid Sight,-,-,-,4,-,-,-,22.0001%,-,-,-,-,-,-,-,-,1,0,,6,Locked
21435242,175,Sp. Eq (Exclusive),★★★★★,BPR4 & SRM6,-,-,2.3394,-,6.3238,-,-,17.3514%,-,-,-,-,-,-,-,-,1,0,,0,Locked
21685078,4,Optical (Acc),★★★★★,VFL 6-24X56,-,-,-,-,-,-,-,46.0386%,-,-,-,-,-,-,-,-,10000,10,,0,
21928073,66,Supp (Silencer),★★★★★,AC4 Suppressor,187437863,MPK,-,-,7.6594,-,-,16.2016%,-,-,-,-,-,-,-,-,10000,10,,0,
22209355,40,T Exo (Body),★★★★★,IOP T4 Exoskeleton,-,-,-7.650,-,34.9363,-,-,-,-,-,-,-,-,-,-,-,10000,10,,0,
22214386,68,MG Box (Body),★★★★★,IOP Maximum Ammo Box,125039164,Lewis,-,-,-3,-,-,-,-,-,-,-,-,-,-,5,10000,10,,1,
22258512,58,X Exo (Body),★★★★★,IOP X4 Exoskeleton,-,-,-,-,9.7076,-,-,-,-,-,-,-,-,-,-,-,0,0,,0,
22258551,58,X Exo (Body),★★★★★,IOP X4 Exoskeleton,-,-,-,-,15.6306,-,-,-,-,-,-,-,-,-,-,-,10000,10,,0,
22258660,58,X Exo (Body),★★★★★,IOP X4 Exoskeleton,-,-,-,-,14.2264,-,-,-,-,-,-,-,-,-,-,-,10000,10,,0,
22259086,12,Red Dot (Acc),★★★★★,ITI MARS,-,-,-,28.7656,-,-,-2.4997,-,-,-,-,-,-,-,-,-,10000,10,,0,
22259221,58,X Exo (Body),★★★★★,IOP X4 Exoskeleton,-,-,-,-,9.4776,-,-,-,-,-,-,-,-,-,-,-,0,0,,0,
22298414,16,PEQ (Acc),★★★★★,PEQ-16A,-,-,-,-,-,-,-,-,-,-,-,-,-,-,96.733%,-,0,0,,0,
22310697,66,Supp (Silencer),★★★★★,AC4 Suppressor,59383791,Grizzly,-,-,8.8615,-,-,17.1332%,-,-,-,-,-,-,-,-,10000,10,,0,
22310871,4,Optical (Acc),★★★★★,VFL 6-24X56,-,-,-,-,-,-,-,39.8912%,-,-,-,-,-,-,-,-,10000,10,,0,
22310874,40,T Exo (Body),★★★★★,IOP T4 Exoskeleton,155379590,Webley,-8,-,35,-,-,-,-,-,-,-,-,-,-,-,10000,10,,2,
22316271,76,Buck (Shell),★★★★★,#000 Buckshot,-,-,14.2535,-,-,-,-,-,17.3716%,-,-,-,-,-,-,-,10000,10,,0,
22326684,40,T Exo (Body),★★★★★,IOP T4 Exoskeleton,187437863,MPK,-8,-,35,-,-,-,-,-,-,-,-,-,-,-,10000,10,,1,
22326791,90,Cape (Body),★★★★★,Thermoptic Camouflage Cape,107794682,Carcano M91/38,-,-,-,-3.0000,-,-,25%,-,-,-,-,-,-,-,10000,10,MAX,2,
22326985,90,Cape (Body),★★★★★,Thermoptic Camouflage Cape,87964902,Type56R Mod,-,-,-,-3.0000,-,-,25%,-,-,-,-,-,-,-,10000,10,MAX,4,
22327679,68,MG Box (Body),★★★★★,IOP Maximum Ammo Box,191402337,LS26,-,-,-2.5535,-,-,-,-,-,-,-,-,-,-,4.0290,10000,10,,0,
22327681,90,Cape (Body),★★★★★,Thermoptic Camouflage Cape,180498010,HS.50,-,-,-,-3.0000,-,-,20.1595%,-,-,-,-,-,-,-,10000,10,,2,
22327684,58,X Exo (Body),★★★★★,IOP X4 Exoskeleton,-,-,-,-,10.3264,-,-,-,-,-,-,-,-,-,-,-,0,0,,0,
22327705,68,MG Box (Body),★★★★★,IOP Maximum Ammo Box,140543465,Kord,-,-,-3,-,-,-,-,-,-,-,-,-,-,5,10000,10,,1,
22327732,16,PEQ (Acc),★★★★★,PEQ-16A,-,-,-,-,-,-,-,-,-,-,-,-,-,-,94.7557%,-,0,0,,0,
22327745,16,PEQ (Acc),★★★★★,PEQ-16A,-,-,-,-,-,-,-,-,-,-,-,-,-,-,96.0004%,-,0,0,,5,
22327776,66,Supp (Silencer),★★★★★,AC4 Suppressor,123821498,P22,-,-,7.9162,-,-,17.8304%,-,-,-,-,-,-,-,-,10000,10,,0,
22327815,68,MG Box (Body),★★★★★,IOP Maximum Ammo Box,6873626,Gr MG4 Mod,-,-,-2.6017,-,-,-,-,-,-,-,-,-,-,4.3244,10000,10,,0,
22327820,40,T Exo (Body),★★★★★,IOP T4 Exoskeleton,187437862,MPL,-8,-,32.2,-,-,-,-,-,-,-,-,-,-,-,10000,10,,4,
22412982,66,Supp (Silencer),★★★★★,AC4 Suppressor,2907935,Gr G36c Mod,-,-,7.3797,-,-,16.7423%,-,-,-,-,-,-,-,-,2100,5,,0,
22425521,66,Supp (Silencer),★★★★★,AC4 Suppressor,188247599,Kolibri,-,-,7.8328,-,-,18.0468%,-,-,-,-,-,-,-,-,10000,10,,0,
22462605,117,Sp. Eq (Exclusive),★★★★★,Glorylight,116086875,El Clear,-,-,-,-,-,-,-,-,-,-,-,-,100.0000%,-,1,0,MAX,0,Locked
22467208,118,Sp. Eq (Exclusive),★★★★★,Black Cat,-,-,-,-,-,-,-,-,-,-,-,-,-,-,100.000%,-,1,0,MAX,0,Locked
22771316,12,Red Dot (Acc),★★★★★,ITI MARS,107279867,M870,-,27.4608,-,-,-3.4621,-,-,-,-,-,-,-,-,-,10000,10,,0,
23078293,16,PEQ (Acc),★★★★★,PEQ-16A,-,-,-,-,-,-,-,-,-,-,-,-,-,-,95.2975%,-,0,0,,0,
23385519,80,Slug (Shell),★★★★★,SABOT Slug,-,-,-,14.2712,-,-,-,-,-,-,-,-,-,-,-,-,10000,10,,0,
23405137,40,T Exo (Body),★★★★★,IOP T4 Exoskeleton,-,-,-8,-,35,-,-,-,-,-,-,-,-,-,-,-,10000,10,,4,
23457271,129,Sp. Eq (Exclusive),★★★★★,M2 Bipod,104969,M14 Mod,-,10,-,-,-,48%,-,-,-,-,-,-,-,-,30000,10,MAX,16,Locked
23557561,16,PEQ (Acc),★★★★★,PEQ-16A,59380490,K11,-,-,-,-,-,-,-,-,-,-,-,-,96.4207%,-,0,0,,0,
23599085,66,Supp (Silencer),★★★★★,AC4 Suppressor,188165234,Kolibri,-,-,8.0052,-,-,15.179%,-,-,-,-,-,-,-,-,2125,5,,0,
23644822,133,Sp. Eq (Exclusive),★★★★★,Stechkin Buttstock,5712273,Stechkin Mod,-,2,9.2587,-,-,20%,-,-,-,-,-,-,-,-,30000,10,,1,Locked
23684986,122,Sp. Eq (Exclusive),★★★★★,SAA Long Barrel,195264,SAA Mod,1,-,10,-,-,18.6668%,-,-,-,-,-,-,-,-,30000,10,,4,Locked
23728287,170,Sp. Eq (Exclusive),★★★★★,20mm HEI,16379005,NTW-20 Mod,10,-,-,-,-,-,-,178.5,-,-,-,-,-,-,30000,10,,28,Locked
23781634,66,Supp (Silencer),★★★★★,AC4 Suppressor,124751876,P22,-,-,8.5,-,-,20%,-,-,-,-,-,-,-,-,10000,10,,4,
23866157,4,Optical (Acc),★★★★★,VFL 6-24X56,-,-,-,-,-,-,-,29.3043%,-,-,-,-,-,-,-,-,2750,5,,0,
24096028,90,Cape (Body),★★★★★,Thermoptic Camouflage Cape,173177117,General Liu,-,-,-,-3.0000,-,-,23.25%,-,-,-,-,-,-,-,10000,10,,2,
24135941,8,EOT (Holographic),★★★★★,EOT 518,-,-,4.7176,10.3585,-,-,-5.5630,-,-,-,-,-,-,-,-,-,2575,5,,0,
24214498,8,EOT (Holographic),★★★★★,EOT 518,-,-,4.8586,9.6180,-,-,-5.804,-,-,-,-,-,-,-,-,-,1900,5,,0,
24340833,16,PEQ (Acc),★★★★★,PEQ-16A,135110433,Angelica,-,-,-,-,-,-,-,-,-,-,-,-,97.0003%,-,0,0,,9,
24345848,111,Sp. Eq (Exclusive),★★★★★,K6-24X56,1554028,Mosin-Nagant Mod,-,6,-,-,-,48.0008%,-,-,-,-,-,-,-,-,30000,10,,5,
24682812,4,Optical (Acc),★★★★★,VFL 6-24X56,-,-,-,-,-,-,-,41.4564%,-,-,-,-,-,-,-,-,10000,10,,0,
24845845,132,Sp. Eq (Exclusive),★★★★★,Gr MG4 MGO,6873626,Gr MG4 Mod,-,36.0000,-,-,-1.0000,35.0000%,-,-,-,-,-,-,-,-,30000,10,MAX,0,Locked
24934184,20,AP (Ammo),★★★★★,Mk211 High-Explosive Armor-Piercing Ammo,-,-,-,-,-,-,-,-,-,173.0925,-,-,-,-,-,-,10000,10,,2,
24974644,32,HV (Ammo),★★★★★,APCR High-Velocity Ammo,31102536,Ribeyrolles Mod,18.25,-,-,-,-,-,-,-,-,-,-,-,-,-,10000,10,,2,
25014050,182,Sp. Eq (Exclusive),★★★★★,S&B762,21836340,Type79,22.3445,-,-,-,-4.0000,-,-,-,-,-,-,-,-,-,30000,10,,0,
25792931,20,AP (Ammo),★★★★★,Mk211 High-Explosive Armor-Piercing Ammo,-,-,-,-,-,-,-,-,-,171.6630,-,-,-,-,-,-,10000,10,,2,
26391076,4,Optical (Acc),★★★★★,VFL 6-24X56,-,-,-,-,-,-,-,36.3548%,-,-,-,-,-,-,-,-,10000,10,,0,
26723808,40,T Exo (Body),★★★★★,IOP T4 Exoskeleton,5629307,M950A Mod,-8,-,33.6,-,-,-,-,-,-,-,-,-,-,-,10000,10,,3,
26834168,179,Sp. Eq (Exclusive),★★★★★,WML & Tactical Handguard,5629307,M950A Mod,-,-,20,-,-,17.3336%,-,-,-,-,-,-,-,-,30000,10,,1,
26838558,187,Sp. Eq (Exclusive),★★★★★,Antique Kaleidoscope,-,-,-,3.1620,8.2942,-,-,22.05%,-,-,-,-,-,-,-,-,30000,10,,0,Locked
26838563,183,Sp. Eq (Exclusive),★★★★★,Duelling Cards,137209708,Rico,-,-,-,-3.0000,-,-,45%,-,-,-,-,-,-,-,30000,10,MAX,4,Locked
26838564,186,Sp. Eq (Exclusive),★★★★★,Bayonet,137209698,Triela,11.3865,-,-,-,-,19.6912%,17.1861%,-,-,-,-,-,-,-,30000,10,,0,Locked
26838572,185,Sp. Eq (Exclusive),★★★★★,Spectacles,-,-,4.0296,1.6732,-,-,-,18.8771%,-,-,-,-,-,-,-,-,1,0,,0,Locked
26838575,188,Sp. Eq (Exclusive),★★★★★,Meteorite,-,-,3.8142,1.3184,-,-,-,18.9408%,-,-,-,-,-,-,-,-,1,0,,0,Locked
26838580,189,Sp. Eq (Exclusive),★★★★★,Wristwatch,-,-,3.8692,1.5046,-,-,-,22.0775%,-,-,-,-,-,-,-,-,1,0,,0,Locked
26838582,184,Sp. Eq (Exclusive),★★★★★,Fairy Tale Picture Books,135110433,Angelica,15,-,14.75,-,-,-,-,-,-,-,-,-,-,-,30000,10,,2,Locked
26959530,90,Cape (Body),★★★★★,Thermoptic Camouflage Cape,-,-,-,-,-,-3.0000,-,-,25%,-,-,-,-,-,-,-,10000,10,MAX,2,
27008244,90,Cape (Body),★★★★★,Thermoptic Camouflage Cape,165345021,De Lisle,-,-,-,-3.0000,-,-,23.25%,-,-,-,-,-,-,-,10000,10,,2,
27041395,90,Cape (Body),★★★★★,Thermoptic Camouflage Cape,10533702,Lee Enfield,-,-,-,-3.0000,-,-,21.5%,-,-,-,-,-,-,-,10000,10,,6,
27112146,12,Red Dot (Acc),★★★★★,ITI MARS,154821400,M1897 Mod,-,27.9352,-,-,-3.2017,-,-,-,-,-,-,-,-,-,10000,10,,0,
27220786,95,HP (Ammo),★★★★★,16Lab Hollow-Point,-,-,15.000,-,-,-,-,-,-,-7.0000,-,-,-,-,-,-,10000,10,MAX,0,
27220789,110,HV (Ammo),★★★★★,16Lab High-Velocity Ammo,88459335,AN-94 Mod,20.0000,-,-,-,-,-,-,-,-,-,-,-,-,-,10000,10,MAX,0,
27363103,112,Sp. Eq (Exclusive),★★★★★,CT 4X20,19735,M1918 Mod,-,21.1458,-,-,-2.9005,25.0000%,-,-,-,-,-,-,-,-,13451,7,,0,Locked
27399741,12,Red Dot (Acc),★★★★★,ITI MARS,26965185,RMB-93 Mod,-,27.7048,-,-,-1.6951,-,-,-,-,-,-,-,-,-,10000,10,,0,
27419386,159,Sp. Eq (Exclusive),★★★★★,Tactical Headwear,1041067,416 Mod,25,-,17,-,-,-,10%,-,-,-,-,-,-,-,30000,10,,2,Locked
27442883,135,Sp. Eq (Exclusive),★★★★★,SP6 Subsonic Ammo,89132045,AS Val Mod,24,-,-,-,-,-,-,-,-,-,-,-,-,-,30000,10,MAX,5,Locked
27670293,158,Sp. Eq (Exclusive),★★★★★,Acceleration Coil,21999916,Type88 Mod,5,-,-,-,-,44.0010%,-,-,-,-,-,-,-,-,30000,10,,15,
27812116,160,Sp. Eq (Exclusive),★★★★★,No32 MKI,10533702,Lee Enfield,-,-,-,-,4.0000,48.000%,-,-,-,-,-,-,-,-,30000,10,MAX,0,
28105890,80,Slug (Shell),★★★★★,SABOT Slug,-,-,-,13.2667,-,-,-,-,-,-,-,-,-,-,-,-,10000,10,,0,
28112252,169,Sp. Eq (Exclusive),★★★★★,Am RFB Quad Rail,-,-,-,-,-,-,-,18.3818%,8.5300%,-,-,-,-,-,-,-,1,0,,0,Locked
28214558,178,Sp. Eq (Exclusive),★★★★★,12.7mm 1SL,123299468,KSVK Mod,10,-,-,-,-,-,-,174.0,-,-,-,-,-,-,30000,10,,52,Locked
28217491,90,Cape (Body),★★★★★,Thermoptic Camouflage Cape,142835161,Carcano M91/38,-,-,-,-3.0000,-,-,19.75%,-,-,-,-,-,-,-,10000,10,,2,
28270654,80,Slug (Shell),★★★★★,SABOT Slug,-,-,-,16.1479,-,-,-,-,-,-,-,-,-,-,-,-,10000,10,,0,
28290270,12,Red Dot (Acc),★★★★★,ITI MARS,-,-,-,26.4448,-,-,-2.2381,-,-,-,-,-,-,-,-,-,10000,10,,0,
28329780,114,Sp. Eq (Exclusive),★★★★★,MP446C Match Barrel,40324910,MP-446 Mod,-,7.1170,8.2951,-,-,16.8892%,-,-,-,-,-,-,-,-,30000,10,,3,
28382385,115,Sp. Eq (Exclusive),★★★★★,Digital Camouflage,-,-,6,-,-,-3.000,-,-,23.25%,-,-,-,-,-,-,-,30000,10,,13,Locked
28385522,113,Sp. Eq (Exclusive),★★★★★,M1895 Suppressor,4029902,M1895 Mod,-,4,14,-,-,18.6668%,-,-,-,-,-,-,-,-,30000,10,,19,
28440298,204,Sp. Eq (Exclusive),★★★★★,416's Go-Bag,148156401,Agent 416,-,-,20.0000,-,-,-,-,-,-,-,-,-,-,-,10000,10,MAX,0,Locked
28443754,201,Sp. Eq (Exclusive),★★★★★,Go-Bag "V",145741423,Agent Vector,-6.0000,-,35.0000,-,-,-,-,-,-,-,-,-,-,-,10000,10,MAX,0,Locked
28453867,199,Sp. Eq (Exclusive),★★★★★,Osprey 45 Silencer,145741423,Agent Vector,-,-,10.0000,-,-,20.0000%,-,-,-,-,-,-,-,-,10000,10,MAX,0,
28504094,202,Sp. Eq (Exclusive),★★★★★,ACOG (4X),148156401,Agent 416,-,-,-,-,-,48.000%,-,-,-,-,-,-,-,-,10000,10,MAX,0,
28631636,72,HP (Ammo),★★★★★,ILM Hollow-Point Ammo,59383791,Grizzly,12.9955,-,-,-,-,-,-,-9.2332,-,-,-,-,-,-,10000,10,,0,
28664445,200,Sp. Eq (Exclusive),★★★★★,.45 Hollow Point Ammo (Incendiary),145741423,Agent Vector,15.0000,-,-,-,-,-,-,-7.00,-,-,-,-,-,-,10000,10,MAX,0,Locked
28739858,203,Sp. Eq (Exclusive),★★★★★,556 High-Velocity Ammo (Explosive),148156401,Agent 416,20.0000,-,-,-,-,-,-,-,-,-,-,-,-,-,10000,10,MAX,0,Locked
28778237,72,HP (Ammo),★★★★★,ILM Hollow-Point Ammo,11195109,Gr MP5 Mod,10.3020,-,-,-,-,-,-,-9.8737,-,-,-,-,-,-,10000,10,,0,
28851416,72,HP (Ammo),★★★★★,ILM Hollow-Point Ammo,124751876,P22,10.8510,-,-,-,-,-,-,-9.1942,-,-,-,-,-,-,10000,10,,0,
28873536,16,PEQ (Acc),★★★★★,PEQ-16A,-,-,-,-,-,-,-,-,-,-,-,-,-,-,95.3083%,-,1,0,,0,
29123476,72,HP (Ammo),★★★★★,ILM Hollow-Point Ammo,2907935,Gr G36c Mod,12.2255,-,-,-,-,-,-,-9.4678,-,-,-,-,-,-,10000,10,,0,
29161565,32,HV (Ammo),★★★★★,APCR High-Velocity Ammo,391997,M16A1,14.75,-,-,-,-,-,-,-,-,-,-,-,-,-,10000,10,,2,
29251619,16,PEQ (Acc),★★★★★,PEQ-16A,-,-,-,-,-,-,-,-,-,-,-,-,-,-,91.8748%,-,0,0,,0,
29295617,72,HP (Ammo),★★★★★,ILM Hollow-Point Ammo,195264,SAA Mod,12.3120,-,-,-,-,-,-,-8.4112,-,-,-,-,-,-,10000,10,,0,
29323587,72,HP (Ammo),★★★★★,ILM Hollow-Point Ammo,124986988,HS2000,11.5785,-,-,-,-,-,-,-8.6098,-,-,-,-,-,-,10000,10,,0,
29341257,72,HP (Ammo),★★★★★,ILM Hollow-Point Ammo,184171122,Kolibri,11.665,-,-,-,-,-,-,-8.7004,-,-,-,-,-,-,10000,10,,0,
29344615,68,MG Box (Body),★★★★★,IOP Maximum Ammo Box,-,-,-,-,-2.7725,-,-,-,-,-,-,-,-,-,-,3.4298,10000,10,,0,
29421116,12,Red Dot (Acc),★★★★★,ITI MARS,178828707,LTLX7000,-,27.2456,-,-,-2.6449,-,-,-,-,-,-,-,-,-,10000,10,,0,
29499975,175,Sp. Eq (Exclusive),★★★★★,BPR4 & SRM6,-,-,2.6515,-,7.5256,-,-,18.1501%,-,-,-,-,-,-,-,-,1,0,,0,
29611583,90,Cape (Body),★★★★★,Thermoptic Camouflage Cape,44673739,M200,-,-,-,-3.0000,-,-,18.028%,-,-,-,-,-,-,-,10000,10,,0,
29651971,90,Cape (Body),★★★★★,Thermoptic Camouflage Cape,-,-,-,-,-,-3.0000,-,-,21.9998%,-,-,-,-,-,-,-,10000,10,,0,
29847485,40,T Exo (Body),★★★★★,IOP T4 Exoskeleton,124089035,P22,-6.6696,-,32.1349,-,-,-,-,-,-,-,-,-,-,-,10000,10,,0,
29866377,80,Slug (Shell),★★★★★,SABOT Slug,-,-,-,14.2943,-,-,-,-,-,-,-,-,-,-,-,-,10000,10,,0,
30090233,40,T Exo (Body),★★★★★,IOP T4 Exoskeleton,132009613,Gr VP70,-7.0502,-,31.9144,-,-,-,-,-,-,-,-,-,-,-,10000,10,,0,
30219888,68,MG Box (Body),★★★★★,IOP Maximum Ammo Box,-,-,-,-,-2.5983,-,-,-,-,-,-,-,-,-,-,2.9343,1,0,,0,
30311067,157,Sp. Eq (Exclusive),★★★★★,LED Weapon Light,11195109,Gr MP5 Mod,8.3314,12.5898,15,-,-,-,-,-,-,-,-,-,-,-,30000,10,,0,Locked
30337591,136,Sp. Eq (Exclusive),★★★★★,7.92 KURZ,142544651,StG44 Mod,24,-,-,-,-,-,-,-,-,-,-,-,-,-,30000,10,MAX,5,Locked
30424144,32,HV (Ammo),★★★★★,APCR High-Velocity Ammo,-,-,13.9793,-,-,-,-,-,-,-,-,-,-,-,-,-,10000,10,,2,
30430469,174,Sp. Eq (Exclusive),★★★★★,FRAG-12 High Explosive Rounds,-,-,15.0000,20.0000,-,-,-,-,-,-,-,-,-,-,-,-,30000,10,MAX,0,Locked
30501878,8,EOT (Holographic),★★★★★,EOT 518,-,-,5.8434,7.5932,-,-,-4.9322,-,-,-,-,-,-,-,-,-,0,0,,0,
30594392,12,Red Dot (Acc),★★★★★,ITI MARS,-,-,-,29.8744,-,-,-2.9686,-,-,-,-,-,-,-,-,-,10000,10,,0,
30796526,12,Red Dot (Acc),★★★★★,ITI MARS,-,-,-,12.8216,-,-,-2.1937,-,-,-,-,-,-,-,-,-,0,0,,0,
31027130,40,T Exo (Body),★★★★★,IOP T4 Exoskeleton,116086875,El Clear,-7.2114,-,28.2842,-,-,-,-,-,-,-,-,-,-,-,10000,10,,0,
31197578,40,T Exo (Body),★★★★★,IOP T4 Exoskeleton,4029902,M1895 Mod,-6.6572,-,32.3365,-,-,-,-,-,-,-,-,-,-,-,10000,10,,0,
31217618,12,Red Dot (Acc),★★★★★,ITI MARS,-,-,-,12.7088,-,-,-2.9065,-,-,-,-,-,-,-,-,-,0,0,,0,
31280031,182,Sp. Eq (Exclusive),★★★★★,S&B762,-,-,14.3898,-,-,-,-4.0000,-,-,-,-,-,-,-,-,-,1,0,,0,
31280039,58,X Exo (Body),★★★★★,IOP X4 Exoskeleton,-,-,-,-,9.9956,-,-,-,-,-,-,-,-,-,-,-,0,0,,0,
31318759,40,T Exo (Body),★★★★★,IOP T4 Exoskeleton,123463280,P22,-8,-,35,-,-,-,-,-,-,-,-,-,-,-,10000,10,,7,
31329683,40,T Exo (Body),★★★★★,IOP T4 Exoskeleton,188165234,Kolibri,-7.1878,-,28.2702,-,-,-,-,-,-,-,-,-,-,-,10000,10,,0,
31368496,40,T Exo (Body),★★★★★,IOP T4 Exoskeleton,157913598,HP-35,-7.0186,-,29.5435,-,-,-,-,-,-,-,-,-,-,-,10000,10,,0,
31379294,12,Red Dot (Acc),★★★★★,ITI MARS,-,-,-,12.9472,-,-,-3.5263,-,-,-,-,-,-,-,-,-,0,0,,0,
31403442,177,Sp. Eq (Exclusive),★★★★★,MGP Upgrade Kit,25760127,M500 Mod,-,24.1696,-,-,-2.6716,-,21.0860%,-,-,-,-,-,-,-,30000,10,,0,
31666997,90,Cape (Body),★★★★★,Thermoptic Camouflage Cape,117477218,R93,-,-,-,-3.0000,-,-,20.6117%,-,-,-,-,-,-,-,10000,10,,0,
31730895,44,Plate (Body),★★★★★,Type 3 Armor Plate,190601096,RMB-93,-,-,-3,-,-,-,-,-,11,-,-,-,-,-,10000,10,,1,
31744281,171,Sp. Eq (Exclusive),★★★★★,Tactical Thunderbolt Ahoge,5712273,Stechkin Mod,-,-,15.9008,-,-,17.704%,-,-,-,-,-,-,-,-,30000,10,,0,Locked
31985725,68,MG Box (Body),★★★★★,IOP Maximum Ammo Box,-,-,-,-,-2.6973,-,-,-,-,-,-,-,-,-,-,3.7930,10000,10,,0,
32058981,76,Buck (Shell),★★★★★,#000 Buckshot,-,-,13.8485,-,-,-,-,-,18.1087%,-,-,-,-,-,-,-,10000,10,,0,
32065876,90,Cape (Body),★★★★★,Thermoptic Camouflage Cape,-,-,-,-,-,-3.0000,-,-,24.9916%,-,-,-,-,-,-,-,10000,10,,0,
32137775,176,Sp. Eq (Exclusive),★★★★★,7N31,71895081,GSh-18 Mod,12.1655,-,-,-,2.0732,-,-,30.9617,-,-,-,-,-,-,30000,10,,0,Locked
32179827,95,HP (Ammo),★★★★★,16Lab Hollow-Point,191705767,Rhino,15.0000,-,-,-,-,-,-,-7.0000,-,-,-,-,-,-,10000,10,MAX,0,
32179828,110,HV (Ammo),★★★★★,16Lab High-Velocity Ammo,140689914,ACR,20.000,-,-,-,-,-,-,-,-,-,-,-,-,-,10000,10,MAX,0,Locked
32206718,12,Red Dot (Acc),★★★★★,ITI MARS,-,-,-,13.6744,-,-,-3.6982,-,-,-,-,-,-,-,-,-,0,0,,0,
32380141,198,Sp. Eq (Exclusive),★★★★★,Wooden Grips,-,-,-,-,8.2423,-,-,17.7532%,-,-,-,-,-,-,-,-,1,0,,0,Locked
32466819,156,Sp. Eq (Exclusive),★★★★★,AMP COMPSP,268590,UMP9 Mod,9.307,11.5644,15,-,-,-,-,-,-,-,-,-,-,-,30000,10,,0,Locked
32557538,76,Buck (Shell),★★★★★,#000 Buckshot,141302214,CAWS,11.3810,-,-,-,-,-,15.7931%,-,-,-,-,-,-,-,10000,10,,0,
32697558,44,Plate (Body),★★★★★,Type 3 Armor Plate,177426463,Nova,-,-,-3,-,-,-,-,-,11,-,-,-,-,-,10000,10,,5,
32705677,207,Sp. Eq (Exclusive),★★★★★,PT-3 Stock,58630948,PP-19 Mod,4,-,20,-,-,-,-,-,-,-,-,-,-,-,30000,10,MAX,2,
32740886,44,Plate (Body),★★★★★,Type 3 Armor Plate,191959806,LTLX7000,-,-,-3,-,-,-,-,-,11,-,-,-,-,-,10000,10,,1,
32794262,253,Sp. Eq (Exclusive),★★★★★,Miraculous Curry Ladle,-,-,3.5378,-,22.140,-,-,-,-,-,-,-,-,-,-,-,1,0,,0,Locked
32794263,252,Sp. Eq (Exclusive),★★★★★,Grimoire Vol. II,-,-,3.5634,1.8424,-,-,-,21.5539%,-,-,-,-,-,-,-,-,1,0,,0,Locked
32794264,255,Sp. Eq (Exclusive),★★★★★,Paper Bag Helmet,-,-,11.250,-,-,-,13.1748,-,-50.0000%,-,-,-,-,-,-,-,1,0,,0,Locked
32794265,251,Sp. Eq (Exclusive),★★★★★,Demonic Bell,167000330,Minos,-,18.3087,3.4058,-,-,-,-,-,-,-,-,-,-,-,7601,5,,0,Locked
32794267,254,Sp. Eq (Exclusive),★★★★★,Donut of Sweet Dreams,166973566,Pekola,-,-,-,-3.0000,-,-,37.1448%,-,-,-,-,-,-,-,30000,10,,0,Locked
32805667,80,Slug (Shell),★★★★★,SABOT Slug,-,-,-,10.908,-,-,-,-,-,-,-,-,-,-,-,-,1,0,,0,
32989383,211,Sp. Eq (Exclusive),★★★★★,Arisaka AP Rounds,107794935,4 Shiki,6.4700,-,-,-,-,-,-,171.2580,-,-,-,-,-,-,30000,10,,0,Locked
33035910,234,Processor Chip (Body),★★★★★,#2 Processor,142544651,StG44 Mod,15,-,-,-,19,-,-50.0000%,-,-,-,-,-,-,-,10000,10,,1,Locked
33099670,234,Processor Chip (Body),★★★★★,#2 Processor,140689914,ACR,15,-,-,-,19,-,-50.0000%,-,-,-,-,-,-,-,10000,10,,2,Locked
33129791,234,Processor Chip (Body),★★★★★,#2 Processor,-,-,15,-,-,-,20.50,-,-50.0000%,-,-,-,-,-,-,-,10000,10,,4,Locked
33201780,234,Processor Chip (Body),★★★★★,#2 Processor,149900051,AK-Alfa,15,-,-,-,19,-,-50.0000%,-,-,-,-,-,-,-,10000,10,,2,Locked
33201831,234,Processor Chip (Body),★★★★★,#2 Processor,34734646,Am RFB,13.002,-,-,-,20.0782,-,-50.0000%,-,-,-,-,-,-,-,10000,10,,2,Locked
33201842,234,Processor Chip (Body),★★★★★,#2 Processor,31102536,Ribeyrolles Mod,15,-,-,-,20.50,-,-50.0000%,-,-,-,-,-,-,-,10000,10,,2,Locked
33210127,234,Processor Chip (Body),★★★★★,#2 Processor,88498404,AK-12,12,-,-,-,25,-,-50.0000%,-,-,-,-,-,-,-,10000,10,,2,Locked
33210195,229,SLAP (Ammo),★★★★★,Mk1000 SLAP,-,-,-,-,-,-,-5.0000,-,-,481.540,-,-,-,-,-,-,10000,10,,0,Locked
33210203,234,Processor Chip (Body),★★★★★,#2 Processor,191700169,QBZ-191,14.6619,-,-,-,21.3466,-,-50.0000%,-,-,-,-,-,-,-,10000,10,,0,Locked
33210216,234,Processor Chip (Body),★★★★★,#2 Processor,-,-,15,-,-,-,19,-,-50.0000%,-,-,-,-,-,-,-,10000,10,,1,Locked
33210219,224,RMR (Acc),★★★★★,RMR T4 Red Dot Sight,142298421,Kord,-,18.6812,-,-,-,26.3036%,-,-,-,-,-,-,-,-,10000,10,,0,Locked
33210228,224,RMR (Acc),★★★★★,RMR T4 Red Dot Sight,174350235,RPK-203,-,18.575,-,-,-,27.3772%,-,-,-,-,-,-,-,-,10000,10,,0,Locked
33210857,224,RMR (Acc),★★★★★,RMR T4 Red Dot Sight,-,-,-,17.8769,-,-,-,26.0836%,-,-,-,-,-,-,-,-,10000,10,,0,Locked
33210861,224,RMR (Acc),★★★★★,RMR T4 Red Dot Sight,34737085,PKP,-,17.9714,-,-,-,27.0208%,-,-,-,-,-,-,-,-,10000,10,,0,Locked
33210884,224,RMR (Acc),★★★★★,RMR T4 Red Dot Sight,107266813,Python,-,18.4376,-,-,-,26.3472%,-,-,-,-,-,-,-,-,10000,10,,0,Locked
33210889,234,Processor Chip (Body),★★★★★,#2 Processor,-,-,13.5,-,-,-,22.0,-,-50.0000%,-,-,-,-,-,-,-,10000,10,,2,Locked
33210910,32,HV (Ammo),★★★★★,APCR High-Velocity Ammo,14212224,OTs-14,18.25,-,-,-,-,-,-,-,-,-,-,-,-,-,10000,10,,2,
33210943,225,Flare (Ammo),★★★★★,Signal Flare,-,-,-,-,-,-,-3.7592,-,-,-,-,-,-,-,-,-,0,0,,0,Locked
33210977,224,RMR (Acc),★★★★★,RMR T4 Red Dot Sight,140543465,Kord,-,18.1622,-,-,-,29.3996%,-,-,-,-,-,-,-,-,10000,10,,0,Locked
33211062,224,RMR (Acc),★★★★★,RMR T4 Red Dot Sight,1060777,LWMMG Mod,-,18.6959,-,-,-,26.056%,-,-,-,-,-,-,-,-,10000,10,,0,Locked
33211088,225,Flare (Ammo),★★★★★,Signal Flare,-,-,-,-,-,-,-1.9224,-,-,-,-,-,-,-,-,-,0,0,,0,Locked
33211241,234,Processor Chip (Body),★★★★★,#2 Processor,157912638,416 Mod,15,-,-,-,20.50,-,-50.0000%,-,-,-,-,-,-,-,10000,10,,1,Locked
33211243,234,Processor Chip (Body),★★★★★,#2 Processor,59380490,K11,12.0081,-,-,-,21.3862,-,-50.0000%,-,-,-,-,-,-,-,10000,10,,0,Locked
33211255,44,Plate (Body),★★★★★,Type 3 Armor Plate,188258963,Defender,-,-,-2.9177,-,-,-,-,-,10.2962,-,-,-,-,-,10000,10,,0,
33211260,32,HV (Ammo),★★★★★,APCR High-Velocity Ammo,157912638,416 Mod,16.5,-,-,-,-,-,-,-,-,-,-,-,-,-,10000,10,,2,
33211271,235,Flash (Shell),★★★★★,Shotgun Flash Shells,-,-,-,10.6792,-,-,-,-,-,-,-,-,-,-,-,-,0,0,,0,Locked
33211273,72,HP (Ammo),★★★★★,ILM Hollow-Point Ammo,123821498,P22,8.3011,-,-,-,-,-,-,-9.8287,-,-,-,-,-,-,0,0,,0,
33211428,229,SLAP (Ammo),★★★★★,Mk1000 SLAP,125039164,Lewis,-,-,-,-,-5.0000,-,-,481.8040,-,-,-,-,-,-,10000,10,,0,Locked
33211590,224,RMR (Acc),★★★★★,RMR T4 Red Dot Sight,9470149,M1919A4,-,18.3032,-,-,-,26.7312%,-,-,-,-,-,-,-,-,10000,10,,0,Locked
33211612,234,Processor Chip (Body),★★★★★,#2 Processor,-,-,15,-,-,-,20.50,-,-50.0000%,-,-,-,-,-,-,-,10000,10,,1,Locked
33211620,44,Plate (Body),★★★★★,Type 3 Armor Plate,-,-,-,-,-2.8153,-,-,-,-,-,6.9386,-,-,-,-,-,0,0,,0,
33211736,72,HP (Ammo),★★★★★,ILM Hollow-Point Ammo,188165234,Kolibri,10.170,-,-,-,-,-,-,-9.8077,-,-,-,-,-,-,10000,10,,0,
33211764,44,Plate (Body),★★★★★,Type 3 Armor Plate,-,-,-,-,-2.8215,-,-,-,-,-,6.6578,-,-,-,-,-,0,0,,0,
33211807,229,SLAP (Ammo),★★★★★,Mk1000 SLAP,1060777,LWMMG Mod,-,-,-,-,-5.0000,-,-,492.9760,-,-,-,-,-,-,10000,10,,0,Locked
33211814,32,HV (Ammo),★★★★★,APCR High-Velocity Ammo,-,-,8.8664,-,-,-,-,-,-,-,-,-,-,-,-,-,0,0,,0,
33211896,231,Birdshot (Shell),★★★★★,#7.5 Birdshot,179608753,FO-12,-,-,-,-,12,-,-17.0%,-,-,-,-,-,-,-,10000,10,,1,Locked
33211908,72,HP (Ammo),★★★★★,ILM Hollow-Point Ammo,-,-,8.1235,-,-,-,-,-,-,-8.9479,-,-,-,-,-,-,0,0,,0,
33211912,229,SLAP (Ammo),★★★★★,Mk1000 SLAP,191402337,LS26,-,-,-,-,-5.0000,-,-,492.5680,-,-,-,-,-,-,10000,10,,0,Locked
33211913,224,RMR (Acc),★★★★★,RMR T4 Red Dot Sight,191402337,LS26,-,17.5607,-,-,-,27.1232%,-,-,-,-,-,-,-,-,10000,10,,0,Locked
33211946,76,Buck (Shell),★★★★★,#000 Buckshot,-,-,13.1020,-,-,-,-,-,18.3271%,-,-,-,-,-,-,-,10000,10,,0,
33211961,44,Plate (Body),★★★★★,Type 3 Armor Plate,-,-,-,-,-2.5385,-,-,-,-,-,6.7886,-,-,-,-,-,0,0,,0,
33211997,32,HV (Ammo),★★★★★,APCR High-Velocity Ammo,-,-,10.4140,-,-,-,-,-,-,-,-,-,-,-,-,-,0,0,,0,
33212011,224,RMR (Acc),★★★★★,RMR T4 Red Dot Sight,191705767,Rhino,-,17.6033,-,-,-,26.7336%,-,-,-,-,-,-,-,-,10000,10,,0,Locked
33212082,72,HP (Ammo),★★★★★,ILM Hollow-Point Ammo,116086875,El Clear,8.0389,-,-,-,-,-,-,-7.9135,-,-,-,-,-,-,0,0,,0,
33212087,44,Plate (Body),★★★★★,Type 3 Armor Plate,-,-,-,-,-2.7369,-,-,-,-,-,6.8578,-,-,-,-,-,0,0,,0,
33212108,32,HV (Ammo),★★★★★,APCR High-Velocity Ammo,-,-,10.0116,-,-,-,-,-,-,-,-,-,-,-,-,-,0,0,,0,
33212114,227,SNIP (Ammo),★★★★★,M1022 Sniper Rounds,44674909,Carcano M91/38,8.3632,-,-,-,-,-,-,117.705,-,-,-,-,-,-,10000,10,,0,
33212121,44,Plate (Body),★★★★★,Type 3 Armor Plate,-,-,-,-,-2.4502,-,-,-,-,-,6.0158,-,-,-,-,-,0,0,,0,
33212124,32,HV (Ammo),★★★★★,APCR High-Velocity Ammo,-,-,8.9672,-,-,-,-,-,-,-,-,-,-,-,-,-,0,0,,0,
33212144,76,Buck (Shell),★★★★★,#000 Buckshot,-,-,10.8685,-,-,-,-,-,17.7895%,-,-,-,-,-,-,-,10000,10,,0,
33212161,234,Processor Chip (Body),★★★★★,#2 Processor,-,-,15,-,-,-,19,-,-50.0000%,-,-,-,-,-,-,-,10000,10,,2,Locked
33212262,72,HP (Ammo),★★★★★,ILM Hollow-Point Ammo,73826361,P90,11.944,-,-,-,-,-,-,-9.1819,-,-,-,-,-,-,1691,4,,0,
33212279,229,SLAP (Ammo),★★★★★,Mk1000 SLAP,142298421,Kord,-,-,-,-,-5.0000,-,-,482.7260,-,-,-,-,-,-,10000,10,,0,Locked
33212394,76,Buck (Shell),★★★★★,#000 Buckshot,-,-,12.8040,-,-,-,-,-,19.214%,-,-,-,-,-,-,-,10000,10,,0,
33212415,32,HV (Ammo),★★★★★,APCR High-Velocity Ammo,-,-,8.5940,-,-,-,-,-,-,-,-,-,-,-,-,-,0,0,,0,
33212539,32,HV (Ammo),★★★★★,APCR High-Velocity Ammo,-,-,9.6852,-,-,-,-,-,-,-,-,-,-,-,-,-,0,0,,0,
33212566,72,HP (Ammo),★★★★★,ILM Hollow-Point Ammo,-,-,8.4331,-,-,-,-,-,-,-9.5506,-,-,-,-,-,-,0,0,,0,
33212601,32,HV (Ammo),★★★★★,APCR High-Velocity Ammo,-,-,8.6416,-,-,-,-,-,-,-,-,-,-,-,-,-,0,0,,0,
33212731,234,Processor Chip (Body),★★★★★,#2 Processor,31122305,Zas M21,14.6874,-,-,-,21.154,-,-50.0000%,-,-,-,-,-,-,-,10000,10,,0,Locked
33212743,234,Processor Chip (Body),★★★★★,#2 Processor,-,-,15,-,-,-,19,-,-50.0000%,-,-,-,-,-,-,-,10000,10,,1,Locked
33212752,44,Plate (Body),★★★★★,Type 3 Armor Plate,-,-,-,-,-2.897,-,-,-,-,-,6.764,-,-,-,-,-,0,0,,0,
33212770,229,SLAP (Ammo),★★★★★,Mk1000 SLAP,19735,M1918 Mod,-,-,-,-,-5.0000,-,-,482.560,-,-,-,-,-,-,10000,10,,0,Locked
33212785,32,HV (Ammo),★★★★★,APCR High-Velocity Ammo,-,-,10.3532,-,-,-,-,-,-,-,-,-,-,-,-,-,0,0,,0,
33212807,58,X Exo (Body),★★★★★,IOP X4 Exoskeleton,-,-,-,-,9.4580,-,-,-,-,-,-,-,-,-,-,-,0,0,,0,
33293918,58,X Exo (Body),★★★★★,IOP X4 Exoskeleton,-,-,-,-,10.0332,-,-,-,-,-,-,-,-,-,-,-,0,0,,0,
33462701,216,Sp. Eq (Exclusive),★★★★★,20-gauge Custom Slug Rounds,188258963,Defender,13.0,-,-,-,-,24%,-,-,-,-,-,-,-,-,30000,10,,1,
33462705,235,Flash (Shell),★★★★★,Shotgun Flash Shells,-,-,-,9.5092,-,-,-,-,-,-,-,-,-,-,-,-,0,0,,0,
33500808,266,Sp. Eq (Exclusive),★★★★★,ImpulsIIA/C,73839169,Px4 Storm,-,-,20.0710,-,-,18.8112%,-,-,-,-,-,-,-,-,30000,10,,0,
33517969,235,Flash (Shell),★★★★★,Shotgun Flash Shells,156431075,DP-12,-,9.1312,-,-,-,-,-,-,-,-,-,-,-,-,0,0,,0,
33519612,192,Sp. Eq (Exclusive),★★★★★,Beloved Dangle,22813003,RO635 Mod,-7.0,-,45,-,-,-,-,-,-,-,-,-,-,-,30000,10,,8,
33526475,259,Sp. Eq (Exclusive),★★★★★,Old Camouflage Uniform,-,-,-,-,-,-,-,-,28.499%,-,-,-,-,-,-,-,4176,4,,0,
33646709,231,Birdshot (Shell),★★★★★,#7.5 Birdshot,184985932,M26-MASS,-,-,-,-,7.2651,-,-15.9630%,-,-,-,-,-,-,-,1111,3,,0,
33874970,236,Sp. Eq (Exclusive),★★★★★,Thompson's Exoskeleton,40341,Thompson,-8.0000,-,33.9624,-,-,-,-,-,-,-,-,-,-,-,30000,10,,0,
33892449,265,Sp. Eq (Exclusive),★★★★★,Synthetic Pistol Grip,-,-,3.9112,13.1104,-,-,-,-,-,-,-,-,-,-,-,-,1,0,,0,
34013610,197,Sp. Eq (Exclusive),★★★★★,Mk31 Multi-functional Exoskeleton,18633428,Suomi,-6.0000,-,47.0000,-,-,-,-,-,-,-,-,-,-,-,30000,10,MAX,0,
34102308,190,Sp. Eq (Exclusive),★★★★★,G-box,34731237,Gr G11 Mod,20.000,10,-,-,-,-,25.0000%,-,-,-,-,-,-,-,30000,10,MAX,1,
34168402,175,Sp. Eq (Exclusive),★★★★★,BPR4 & SRM6,-,-,2.5638,-,6.2414,-,-,18.9362%,-,-,-,-,-,-,-,-,1,0,,0,
34181288,162,Sp. Eq (Exclusive),★★★★★,RPD Infantry Webbing,24459408,RPD,4.6896,-,-2.1513,-,-,-,-,-,-,-,-,-,-,3.450,30000,10,,0,
34197232,16,PEQ (Acc),★★★★★,PEQ-16A,31122305,Zas M21,-,-,-,-,-,-,-,-,-,-,-,-,92.5903%,-,0,0,,0,
34197248,16,PEQ (Acc),★★★★★,PEQ-16A,31122160,Gr G41,-,-,-,-,-,-,-,-,-,-,-,-,95.2885%,-,0,0,,0,
34213931,224,RMR (Acc),★★★★★,RMR T4 Red Dot Sight,125039164,Lewis,-,18.002,-,-,-,26.3008%,-,-,-,-,-,-,-,-,10000,10,,0,
34311321,237,Sp. Eq (Exclusive),★★★★★,MkV Mobility Skeleton,59383791,Grizzly,-,-,20.2530,3.0000,-,-,-,-,-,-,-,-,-,-,30000,10,,0,
34489330,76,Buck (Shell),★★★★★,#000 Buckshot,-,-,11.9810,-,-,-,-,-,17.3352%,-,-,-,-,-,-,-,10000,10,,0,
34592851,264,Sp. Eq (Exclusive),★★★★★,PK Exclusive Tripod,-,-,7.4728,3.7246,-,-,-,40.950%,-,-,-,-,-,-,-,-,30000,10,,0,
34640584,227,SNIP (Ammo),★★★★★,M1022 Sniper Rounds,180498010,HS.50,10,-,-,-,-,-,-,114.0,-,-,-,-,-,-,10000,10,,4,
34746167,242,Sp. Eq (Exclusive),★★★★★,7N14,2715120,SVD,1.9432,-,-,-,-,-,-,155.7658,-,-,-,-,-,-,12504,7,,0,Locked
34866442,206,Sp. Eq (Exclusive),★★★★★,12-gauge Flechette Rounds,154821400,M1897 Mod,12.7164,9.4408,-,-,-,-,-,-,-,-,-,-,-,-,30000,10,,0,Locked
35020225,235,Flash (Shell),★★★★★,Shotgun Flash Shells,178828707,LTLX7000,-,8.3656,-,-,-,-,-,-,-,-,-,-,-,-,0,0,,0,
35025958,80,Slug (Shell),★★★★★,SABOT Slug,-,-,-,10.7644,-,-,-,-,-,-,-,-,-,-,-,-,0,0,,0,
35237158,137,Sp. Eq (Exclusive),★★★★★,Adelhyde,71631590,Jill Stingray,-,-,15.0000,-,-,-,-,-,-,-,-,-,-,-,1,0,MAX,0,
35237159,138,Sp. Eq (Exclusive),★★★★★,Flanergide,-,-,-,-,15.0000,-,-,-,-,-,-,-,-,-,-,-,1,0,MAX,0,
35237160,139,Sp. Eq (Exclusive),★★★★★,Adelhyde,-,-,-,-,15.0000,-,-,-,-,-,-,-,-,-,-,-,1,0,MAX,0,
35237161,140,Sp. Eq (Exclusive),★★★★★,Bronson Extract,-,-,-,-,15.0000,-,-,-,-,-,-,-,-,-,-,-,1,0,MAX,0,
35237162,141,Sp. Eq (Exclusive),★★★★★,Powdered Delta,-,-,-,-,15.0000,-,-,-,-,-,-,-,-,-,-,-,1,0,MAX,0,
35237163,142,Sp. Eq (Exclusive),★★★★★,Karmotrine,-,-,-,-,15.0000,-,-,-,-,-,-,-,-,-,-,-,1,0,MAX,0,
35237164,143,Sp. Eq (Exclusive),★★★★★,Karmotrine,-,-,-,-,15.0000,-,-,-,-,-,-,-,-,-,-,-,1,0,MAX,0,
35237165,144,Sp. Eq (Exclusive),★★★★★,Karmotrine,71631590,Jill Stingray,-,-,15.0000,-,-,-,-,-,-,-,-,-,-,-,1,0,MAX,0,
35237601,145,Sp. Eq (Exclusive),★★★★★,Prosthetic Arm,-,-,2.1938,-,-2.7705,-,-,-,-,-,6.0396,-,-,-,-,-,1,0,,0,
35237602,148,Sp. Eq (Exclusive),★★★★★,Prosthetic Eye,-,-,-,-,-,-3.0000,1.4026,-,18.4145%,-,-,-,-,-,-,-,1,0,,0,
35237608,147,Sp. Eq (Exclusive),★★★★★,White Knight's Armor,-,-,-,-,16.2410,-,-,-,-,-,-,-,-,-,-,-,1,0,,0,
35237609,149,Sp. Eq (Exclusive),★★★★★,Cybernetic Hands,-,-,2.376,-,-2.6236,-,-,-,-,-,-,-,-,-,-,3.3293,1,0,,0,
35237618,146,Sp. Eq (Exclusive),★★★★★,MIRD Class-5 Rounds,-,-,12.7344,-,-,-,-,-,-,-9.1342,-,-,-,-,-,-,1,0,,0,
35249494,235,Flash (Shell),★★★★★,Shotgun Flash Shells,-,-,-,9.4456,-,-,-,-,-,-,-,-,-,-,-,-,0,0,,0,
35281621,134,Sp. Eq (Exclusive),★★★★★,MPL M21,121347169,Micro Uzi Mod,10.0000,28.4936,-,-,-2.6431,-,-,-,-,-,-,-,-,-,30000,10,,0,
35313808,246,Sp. Eq (Exclusive),★★★★★,RBL Grip,-,-,-,-,9.5038,-,-,12.831%,-,-,-,-,-,-,-,-,1,0,,0,
35374813,80,Slug (Shell),★★★★★,SABOT Slug,-,-,-,10.5620,-,-,-,-,-,-,-,-,-,-,-,-,0,0,,0,
35403217,229,SLAP (Ammo),★★★★★,Mk1000 SLAP,140543465,Kord,-,-,-,-,-5.0000,-,-,484.1860,-,-,-,-,-,-,10000,10,,0,
35415165,229,SLAP (Ammo),★★★★★,Mk1000 SLAP,9470149,M1919A4,-,-,-,-,-5.0000,-,-,489.2100,-,-,-,-,-,-,10000,10,,0,
35439137,229,SLAP (Ammo),★★★★★,Mk1000 SLAP,8880125,Gr MG5,-,-,-,-,-5.0000,-,-,489.3960,-,-,-,-,-,-,10000,10,,0,
35530720,229,SLAP (Ammo),★★★★★,Mk1000 SLAP,174350235,RPK-203,-,-,-,-,-5.0000,-,-,486.4220,-,-,-,-,-,-,10000,10,,0,
35619839,229,SLAP (Ammo),★★★★★,Mk1000 SLAP,-,-,-,-,-,-,-5.0000,-,-,487.1040,-,-,-,-,-,-,10000,10,,0,
35625307,250,Sp. Eq (Exclusive),★★★★★,MkQ Light Exoskeleton,88288055,Honey Badger,13.6659,-,31.2655,-,-,-,-,-,-,-,-,-,-,-,30000,10,,0,
35665805,182,Sp. Eq (Exclusive),★★★★★,S&B762,-,-,12.9525,-,-,-,-4.0000,-,-,-,-,-,-,-,-,-,1,0,,0,Locked
35671846,248,Sp. Eq (Exclusive),★★★★★,9A High-Performance Chip,104953,9A-91,13.3974,-,-,-,19.8862,-,-,-,-,-,-,-,-,-,30000,10,,0,
35709100,49,PEQ (Acc),★★★★★,16Lab Infrared Designator,-,-,-,-,-,-,-,-,-,-,-,-,-,-,100.0000%,-,1,0,MAX,0,Locked
35727265,109,Optical (Acc),★★★★★,16Lab 6-24X56,-,-,-,-,-,-,-,24.0000%,-,-,-,-,-,-,-,-,1,0,MAX,0,
35766226,110,HV (Ammo),★★★★★,16Lab High-Velocity Ammo,191700169,QBZ-191,20.0000,-,-,-,-,-,-,-,-,-,-,-,-,-,10000,10,MAX,0,Locked
35839509,229,SLAP (Ammo),★★★★★,Mk1000 SLAP,-,-,-,-,-,-,-5.0000,-,-,492.2700,-,-,-,-,-,-,10000,10,,0,
36025456,58,X Exo (Body),★★★★★,IOP X4 Exoskeleton,-,-,-,-,10.1484,-,-,-,-,-,-,-,-,-,-,-,1,0,,0,
36032531,235,Flash (Shell),★★★★★,Shotgun Flash Shells,-,-,-,11.4176,-,-,-,-,-,-,-,-,-,-,-,-,0,0,,0,
36106082,270,Sp. Eq (Exclusive),★★★★★,OMEGA Rail,-,-,1.6768,10.0428,-,-,-,13.5352%,-,-,-,-,-,-,-,-,1,0,,0,
36159463,247,Sp. Eq (Exclusive),★★★★★,Hydraulic Recoil Mitigation System,-,-,-,-,-,-,-,20.1035%,8.0494%,-,-,-,-,-,-,-,1,0,,0,
36188108,155,Sp. Eq (Exclusive),★★★★★,PPK Suppressor,17007,PPK,-,-,15.474,-,-,22.8544%,-,-,-,-,-,-,-,-,30000,10,,0,
36188131,221,Sp. Eq (Exclusive),★★★★★,Magnetic Accelerated Rounds,21999916,Type88 Mod,5,-,-,-,-,-,-,174.0,-,-,-,-,-,-,30000,10,,27,Locked
36193827,191,Sp. Eq (Exclusive),★★★★★,ACS-L,-,-,3.3159,-,-,-,-,29.7436%,-,-,-,-,-,-,-,-,2476,3,,0,
36385599,225,Flare (Ammo),★★★★★,Signal Flare,5629307,M950A Mod,-,-,-,-,-4.4672,-,-,-,-,-,-,-,-,-,1,0,,0,Locked
36419578,212,Sp. Eq (Exclusive),★★★★★,Custom Tracer Rounds,87964902,Type56R Mod,10,-,-,-,-,-,-,178.5,-,-,-,-,-,-,30000,10,,7,Locked
36419581,213,Sp. Eq (Exclusive),★★★★★,Special Ops Bag,19487366,Welrod MkⅡ Mod,-,-,24.8705,-,-,-,-,-,4.6536,-,-,-,-,-,30000,10,,0,
36461356,231,Birdshot (Shell),★★★★★,#7.5 Birdshot,-,-,-,-,-,-,10.6233,-,-16.0350%,-,-,-,-,-,-,-,10000,10,,0,
36466892,80,Slug (Shell),★★★★★,SABOT Slug,-,-,-,11.0180,-,-,-,-,-,-,-,-,-,-,-,-,0,0,,0,
36503640,217,Sp. Eq (Exclusive),★★★★★,SB 2.5-10x56,269505,WA2000,5.0000,-,-,-,-,50.0000%,-,-,-,-,-,-,-,-,30000,10,MAX,0,
36513575,276,Sp. Eq (Exclusive),★★★★★,M13 Receiver,-,-,-,-,7.6693,-,-,14.2839%,-,-,-,-,-,-,-,-,1,0,,0,
36633003,227,SNIP (Ammo),★★★★★,M1022 Sniper Rounds,-,-,8.1262,-,-,-,-,-,-,110.8335,-,-,-,-,-,-,10000,10,,0,
36700510,288,Sp. Eq (Exclusive),★★★★★,CS Red Dot Sight,-,-,3.3174,16.8280,-,-,-4.0000,-,-,-,-,-,-,-,-,-,1,0,,0,
36717959,12,Red Dot (Acc),★★★★★,ITI MARS,-,-,-,13.9304,-,-,-2.776,-,-,-,-,-,-,-,-,-,0,0,,0,
36767282,131,Sp. Eq (Exclusive),★★★★★,MGO 6X48,-,-,2.000,29.6096,-,-,-,30.0000%,-,-,-,-,-,-,-,-,30000,10,,0,
36799461,101,Sp. Eq (Exclusive),★★★★★,XM261 ACP,76240621,M1911 Mod,14.7325,-,-,-,-,-,-,-8.8696,-,-,-,-,-,-,30000,10,,0,Locked
36819307,227,SNIP (Ammo),★★★★★,M1022 Sniper Rounds,-,-,7.3279,-,-,-,-,-,-,110.5935,-,-,-,-,-,-,10000,10,,0,
36863149,283,Sp. Eq (Exclusive),★★★★★,Barrett QDL,104476894,M82A1,7.0708,-,-,-,-,40.5002%,-,-,-,-,-,-,-,-,30000,10,,0,
36891904,72,HP (Ammo),★★★★★,ILM Hollow-Point Ammo,124053888,HS2000,7.885,-,-,-,-,-,-,-9.6337,-,-,-,-,-,-,0,0,,0,
36914565,227,SNIP (Ammo),★★★★★,M1022 Sniper Rounds,-,-,8.2996,-,-,-,-,-,-,112.1115,-,-,-,-,-,-,10000,10,,0,
37034288,32,HV (Ammo),★★★★★,APCR High-Velocity Ammo,-,-,8.9408,-,-,-,-,-,-,-,-,-,-,-,-,-,0,0,,0,
37054608,105,Sp. Eq (Exclusive),★★★★★,PM 5-25X56,-,-,-,-,-,-,-,24.0000%,10.0000%,-,-,-,-,-,-,-,1,0,MAX,0,
37068821,227,SNIP (Ammo),★★★★★,M1022 Sniper Rounds,173177117,General Liu,8.7148,-,-,-,-,-,-,107.1045,-,-,-,-,-,-,10000,10,,0,
37151433,282,Sp. Eq (Exclusive),★★★★★,64 Shiki Sniper Scope,-,-,-,-,-,-,-,21.1412%,7.7292%,-,-,-,-,-,-,-,1,0,,0,
37190016,12,Red Dot (Acc),★★★★★,ITI MARS,-,-,-,13.5656,-,-,-2.7319,-,-,-,-,-,-,-,-,-,0,0,,0,
37222009,227,SNIP (Ammo),★★★★★,M1022 Sniper Rounds,107794682,Carcano M91/38,9.2668,-,-,-,-,-,-,108.4470,-,-,-,-,-,-,10000,10,,0,
37243235,234,Processor Chip (Body),★★★★★,#2 Processor,-,-,8.0244,-,-,-,13.820,-,-50.0000%,-,-,-,-,-,-,-,0,0,,0,
37245893,234,Processor Chip (Body),★★★★★,#2 Processor,-,-,8.5942,-,-,-,13.8528,-,-50.0000%,-,-,-,-,-,-,-,0,0,,0,
37245933,229,SLAP (Ammo),★★★★★,Mk1000 SLAP,-,-,-,-,-,-,-5.000,-,-,240.5270,-,-,-,-,-,-,0,0,,0,
37245997,72,HP (Ammo),★★★★★,ILM Hollow-Point Ammo,-,-,7.8751,-,-,-,-,-,-,-9.9247,-,-,-,-,-,-,0,0,,0,
37246038,40,T Exo (Body),★★★★★,IOP T4 Exoskeleton,-,-,-7.0096,-,22.4014,-,-,-,-,-,-,-,-,-,-,-,1161,3,,0,
37246044,227,SNIP (Ammo),★★★★★,M1022 Sniper Rounds,-,-,8.6167,-,-,-,-,-,-,110.5995,-,-,-,-,-,-,10000,10,,0,
37246112,76,Buck (Shell),★★★★★,#000 Buckshot,-,-,7.9027,-,-,-,-,-,11.4055%,-,-,-,-,-,-,-,0,0,,0,
37246121,40,T Exo (Body),★★★★★,IOP T4 Exoskeleton,195264,SAA Mod,-6.578,-,30.2337,-,-,-,-,-,-,-,-,-,-,-,10000,10,,0,
37246174,235,Flash (Shell),★★★★★,Shotgun Flash Shells,25760127,M500 Mod,-,9.2540,-,-,-,-,-,-,-,-,-,-,-,-,0,0,,0,
37246185,72,HP (Ammo),★★★★★,ILM Hollow-Point Ammo,-,-,8.0254,-,-,-,-,-,-,-9.2473,-,-,-,-,-,-,0,0,,0,
37246192,234,Processor Chip (Body),★★★★★,#2 Processor,-,-,8.9254,-,-,-,13.5804,-,-50.0000%,-,-,-,-,-,-,-,0,0,,0,
37246196,225,Flare (Ammo),★★★★★,Signal Flare,-,-,-,-,-,-,-3.6032,-,-,-,-,-,-,-,-,-,0,0,,0,Locked
37246206,229,SLAP (Ammo),★★★★★,Mk1000 SLAP,-,-,-,-,-,-,-5.0000,-,-,245.0440,-,-,-,-,-,-,0,0,,0,
37246230,80,Slug (Shell),★★★★★,SABOT Slug,-,-,-,9.9552,-,-,-,-,-,-,-,-,-,-,-,-,0,0,,0,
37246252,72,HP (Ammo),★★★★★,ILM Hollow-Point Ammo,-,-,8.2408,-,-,-,-,-,-,-8.4235,-,-,-,-,-,-,0,0,,0,
37246261,234,Processor Chip (Body),★★★★★,#2 Processor,-,-,8.8790,-,-,-,13.3228,-,-50.000%,-,-,-,-,-,-,-,0,0,,0,
37246298,235,Flash (Shell),★★★★★,Shotgun Flash Shells,26965185,RMB-93 Mod,-,10.4096,-,-,-,-,-,-,-,-,-,-,-,-,0,0,,0,
37246346,229,SLAP (Ammo),★★★★★,Mk1000 SLAP,-,-,-,-,-,-,-5.0000,-,-,247.5780,-,-,-,-,-,-,0,0,,0,
37246360,229,SLAP (Ammo),★★★★★,Mk1000 SLAP,-,-,-,-,-,-,-5.0000,-,-,245.80,-,-,-,-,-,-,0,0,,0,
37246392,224,RMR (Acc),★★★★★,RMR T4 Red Dot Sight,140527306,Desert Eagle,-,18.1205,-,-,-,27.5824%,-,-,-,-,-,-,-,-,10000,10,,0,
37246427,20,AP (Ammo),★★★★★,Mk211 High-Explosive Armor-Piercing Ammo,-,-,-,-,-,-,-,-,-,118.0090,-,-,-,-,-,-,0,0,,0,
37246434,40,T Exo (Body),★★★★★,IOP T4 Exoskeleton,188247599,Kolibri,-6.9976,-,29.5169,-,-,-,-,-,-,-,-,-,-,-,10000,10,,0,
37246477,224,RMR (Acc),★★★★★,RMR T4 Red Dot Sight,-,-,-,11.6924,-,-,-,13.4448%,-,-,-,-,-,-,-,-,0,0,,0,
37246497,234,Processor Chip (Body),★★★★★,#2 Processor,-,-,8.4176,-,-,-,14.1484,-,-50.000%,-,-,-,-,-,-,-,0,0,,0,
37246539,80,Slug (Shell),★★★★★,SABOT Slug,-,-,-,9.636,-,-,-,-,-,-,-,-,-,-,-,-,0,0,,0,
37246592,40,T Exo (Body),★★★★★,IOP T4 Exoskeleton,2907935,Gr G36c Mod,-7.6696,-,29.1676,-,-,-,-,-,-,-,-,-,-,-,10000,10,,0,
37246623,58,X Exo (Body),★★★★★,IOP X4 Exoskeleton,-,-,-,-,9.6176,-,-,-,-,-,-,-,-,-,-,-,0,0,,0,
37246675,234,Processor Chip (Body),★★★★★,#2 Processor,-,-,8.8254,-,-,-,13.9164,-,-50.0000%,-,-,-,-,-,-,-,0,0,,0,
37246711,224,RMR (Acc),★★★★★,RMR T4 Red Dot Sight,-,-,-,10.6134,-,-,-,13.34%,-,-,-,-,-,-,-,-,0,0,,0,
37246805,234,Processor Chip (Body),★★★★★,#2 Processor,-,-,8.2438,-,-,-,14.1364,-,-50.0000%,-,-,-,-,-,-,-,0,0,,0,
37246830,72,HP (Ammo),★★★★★,ILM Hollow-Point Ammo,-,-,8.6194,-,-,-,-,-,-,-7.5697,-,-,-,-,-,-,0,0,,0,
37246885,235,Flash (Shell),★★★★★,Shotgun Flash Shells,191959806,LTLX7000,-,9.8876,-,-,-,-,-,-,-,-,-,-,-,-,0,0,,0,
37246886,234,Processor Chip (Body),★★★★★,#2 Processor,-,-,8.6174,-,-,-,13.3676,-,-50.0000%,-,-,-,-,-,-,-,0,0,,0,
37246936,32,HV (Ammo),★★★★★,APCR High-Velocity Ammo,-,-,8.0448,-,-,-,-,-,-,-,-,-,-,-,-,-,0,0,,0,
37246942,227,SNIP (Ammo),★★★★★,M1022 Sniper Rounds,117477218,R93,8.0416,-,-,-,-,-,-,110.2920,-,-,-,-,-,-,10000,10,,0,
37246965,72,HP (Ammo),★★★★★,ILM Hollow-Point Ammo,4029902,M1895 Mod,11.2056,-,-,-,-,-,-,-8.296,-,-,-,-,-,-,9100,9,,0,
37247037,80,Slug (Shell),★★★★★,SABOT Slug,-,-,-,9.6412,-,-,-,-,-,-,-,-,-,-,-,-,0,0,,0,
37247054,58,X Exo (Body),★★★★★,IOP X4 Exoskeleton,-,-,-,-,9.1568,-,-,-,-,-,-,-,-,-,-,-,0,0,,0,
37247055,76,Buck (Shell),★★★★★,#000 Buckshot,-,-,8.0041,-,-,-,-,-,11.2820%,-,-,-,-,-,-,-,0,0,,0,
37247112,76,Buck (Shell),★★★★★,#000 Buckshot,-,-,7.6537,-,-,-,-,-,10.0635%,-,-,-,-,-,-,-,0,0,,0,
37247181,40,T Exo (Body),★★★★★,IOP T4 Exoskeleton,73826361,P90,-7.7752,-,31.3299,-,-,-,-,-,-,-,-,-,-,-,10000,10,,0,
37254947,198,Sp. Eq (Exclusive),★★★★★,Wooden Grips,-,-,-,-,7.8412,-,-,19.6388%,-,-,-,-,-,-,-,-,1,0,,0,
37264122,16,PEQ (Acc),★★★★★,PEQ-16A,-,-,-,-,-,-,-,-,-,-,-,-,-,-,95.0167%,-,1,0,,0,
37283019,239,Sp. Eq (Exclusive),★★★★★,Mk4 SLAP,6873626,Gr MG4 Mod,-3.0,-,-,-,-,-,-,600.0000,-,-,-,-,-,-,30000,10,,2,Locked
37283021,238,Sp. Eq (Exclusive),★★★★★,9x18mm FTX,295537,Makarov Mod,10.042,-,-,-,-,-,-,-,-,-,-,-,-,-,30000,10,,0,Locked
37290055,225,Flare (Ammo),★★★★★,Signal Flare,157913598,HP-35,-,-,-,-,-3.6100,-,-,-,-,-,-,-,-,-,0,0,,0,
37319477,229,SLAP (Ammo),★★★★★,Mk1000 SLAP,-,-,-,-,-,-,-5.0000,-,-,246.7470,-,-,-,-,-,-,0,0,,0,
37319480,90,Cape (Body),★★★★★,Thermoptic Camouflage Cape,269505,WA2000,-,-,-,-3.0000,-,-,18.8736%,-,-,-,-,-,-,-,10000,10,,0,
37361031,240,Sp. Eq (Exclusive),★★★★★,Wing-Shaped Mechanical Shield,26965185,RMB-93 Mod,-,-,-,3.000,-,-,-,-,12,-,-,-,-,-,30000,10,MAX,2,
37414447,12,Red Dot (Acc),★★★★★,ITI MARS,-,-,-,12.0056,-,-,-2.5519,-,-,-,-,-,-,-,-,-,0,0,,0,
37460483,277,Sp. Eq (Exclusive),★★★★★,DHG Extended Handguard,73826361,P90,-,6,20,3.0000,-,-,-,-,-,-,-,-,-,-,30000,10,,5,
37482837,249,Sp. Eq (Exclusive),★★★★★,SR3 Special Suppressor,-,-,6.0000,10.0000,10.0000,-,-,-,-,-,-,-,-,-,-,-,1,0,MAX,0,
37544363,12,Red Dot (Acc),★★★★★,ITI MARS,-,-,-,12.3444,-,-,-3.4198,-,-,-,-,-,-,-,-,-,1,0,,0,
37550289,16,PEQ (Acc),★★★★★,PEQ-16A,-,-,-,-,-,-,-,-,-,-,-,-,-,-,91.387%,-,0,0,,0,
37692598,16,PEQ (Acc),★★★★★,PEQ-16A,-,-,-,-,-,-,-,-,-,-,-,-,-,-,95.1085%,-,0,0,,0,
37751479,292,Sp. Eq (Exclusive),★★★★★,Recoil Reduction Kit,-,-,3.9658,12.7632,-,-,-,-,-,-,-,-,-,-,-,-,1,0,,0,
37769324,308,Choke (Acc),★★★★★,Mk0 Multi-Purpose Choke,-,-,-,3.7238,-,-,-,-,-,-,-,-,-,-,-,2.6415,0,0,,0,Locked
37772570,311,Rangefinder (Body),★★★★★,M200X LRF,16379005,NTW-20 Mod,10,-,-,-,-,-,-,-,-,-,-,-,-,-,10000,10,MAX,1,Locked
37780626,314,MG Bipod (Body),★★★★★,HD-100 Bipod,-,-,-,6.0016,-,-2.7472,-,-,-,-,-,-,-,-,-,-,10000,10,,0,Locked
37824870,314,MG Bipod (Body),★★★★★,HD-100 Bipod,-,-,-,4.3110,-,-2.6343,-,-,-,-,-,-,-,-,-,-,0,0,,0,
37824871,314,MG Bipod (Body),★★★★★,HD-100 Bipod,-,-,-,4.0730,-,-2.1736,-,-,-,-,-,-,-,-,-,-,0,0,,0,
37831352,305,SF Taclight (Acc),★★★★★,S.F. Modified Tactical Light,-,-,-,-,2.6172,-,-,-,-,-,-,-,-,-,-,-,1843,4,,0,Locked
37859436,305,SF Taclight (Acc),★★★★★,S.F. Modified Tactical Light,-,-,-,-,2.4149,-,-,-,-,-,-,-,-,-,-,-,0,0,,0,Locked
37860178,311,Rangefinder (Body),★★★★★,M200X LRF,-,-,4.9549,-,-,-,-,-,-,-,-,-,-,-,-,-,2271,5,,0,Locked
37860179,32,HV (Ammo),★★★★★,APCR High-Velocity Ammo,-,-,8.784,-,-,-,-,-,-,-,-,-,-,-,-,-,0,0,,0,
37861260,266,Sp. Eq (Exclusive),★★★★★,ImpulsIIA/C,-,-,-,-,13.3308,-,-,8.9990%,-,-,-,-,-,-,-,-,1,0,,0,
37871353,309,Focus Chip (Body),★★★★★,Focus Chip,14212224,OTs-14,5.9099,-,-,-,-13.9430,-,21.9463%,-,-,-,-,-,-,-,3004,6,,0,
37871355,234,Processor Chip (Body),★★★★★,#2 Processor,-,-,8.4942,-,-,-,13.5268,-,-50.0000%,-,-,-,-,-,-,-,0,0,,0,
37873055,227,SNIP (Ammo),★★★★★,M1022 Sniper Rounds,-,-,10,-,-,-,-,-,-,117.0,-,-,-,-,-,-,10000,10,,6,
37888024,309,Focus Chip (Body),★★★★★,Focus Chip,88459335,AN-94 Mod,7.9380,-,-,-,-13.1670,-,26.4584%,-,-,-,-,-,-,-,10000,10,,0,
37888025,234,Processor Chip (Body),★★★★★,#2 Processor,-,-,8.2090,-,-,-,12.0072,-,-50.0000%,-,-,-,-,-,-,-,0,0,,0,
37894556,234,Processor Chip (Body),★★★★★,#2 Processor,-,-,9.1862,-,-,-,14.8264,-,-50.0000%,-,-,-,-,-,-,-,0,0,,0,
37961712,16,PEQ (Acc),★★★★★,PEQ-16A,-,-,-,-,-,-,-,-,-,-,-,-,-,-,93.2725%,-,1,0,,0,
37961713,66,Supp (Silencer),★★★★★,AC4 Suppressor,132009613,Gr VP70,-,-,6.986,-,-,14.2143%,-,-,-,-,-,-,-,-,1,0,,0,
37973169,275,Sp. Eq (Exclusive),★★★★★,Perst-4,153371617,AK-15 Mod,20,-,13,-,-,-,16%,-,-,-,-,-,-,-,30000,10,,5,
37973173,274,Sp. Eq (Exclusive),★★★★★,AN-94 Modernization Kit,88459335,AN-94 Mod,-,-,-,-,-,45.3016%,20.4072%,-,-,-,-,-,-,-,30000,10,,0,
37999837,218,Sp. Eq (Exclusive),★★★★★,High-Performance Camouflaged Exoskeleton,-,-,-,-,16.6112,-,-,-,-,-,-,-,-,-,-,-,1,0,,0,
38105660,271,Sp. Eq (Exclusive),★★★★★,.357 Wadcutter Rounds,-,-,11.0000,-,-,-,-,-,-,-7.0000,-,-,-,-,-,-,1187,1,MAX,0,Locked
38107265,180,Sp. Eq (Exclusive),★★★★★,Tactical Grip,295537,Makarov Mod,-,-,22,-,-,16%,-,-,-,-,-,-,-,-,30000,10,,4,
38129983,235,Flash (Shell),★★★★★,Shotgun Flash Shells,107279867,M870,-,8.3348,-,-,-,-,-,-,-,-,-,-,-,-,1,0,,0,
38156248,80,Slug (Shell),★★★★★,SABOT Slug,-,-,-,10.6428,-,-,-,-,-,-,-,-,-,-,-,-,0,0,,0,
38156249,235,Flash (Shell),★★★★★,Shotgun Flash Shells,177426463,Nova,-,10.204,-,-,-,-,-,-,-,-,-,-,-,-,0,0,,0,
38156270,80,Slug (Shell),★★★★★,SABOT Slug,-,-,-,10.0576,-,-,-,-,-,-,-,-,-,-,-,-,1,0,,0,
38166424,231,Birdshot (Shell),★★★★★,#7.5 Birdshot,-,-,-,-,-,-,6.2268,-,-17.3750%,-,-,-,-,-,-,-,0,0,,0,
38180397,90,Cape (Body),★★★★★,Thermoptic Camouflage Cape,-,-,-,-,-,-3.0000,-,-,14.0484%,-,-,-,-,-,-,-,1,0,,0,
38181347,234,Processor Chip (Body),★★★★★,#2 Processor,-,-,8.4744,-,-,-,12.6620,-,-50.00%,-,-,-,-,-,-,-,0,0,,0,
38190758,14,PEQ (Acc),★★★,PEQ-5,-,-,-,-,-,-,-,-,-,-,-,-,-,-,67.0129%,-,0,0,,0,
38191463,15,PEQ (Acc),★★★★,PEQ-15,-,-,-,-,-,-,-,-,-,-,-,-,-,-,78.9979%,-,0,0,,0,
38191464,63,Supp (Silencer),★★,AC1 Suppressor,-,-,-,-,2.0000,-,-,4.3101%,-,-,-,-,-,-,-,-,0,0,,0,
38191465,13,PEQ (Acc),★★,PEQ-2,-,-,-,-,-,-,-,-,-,-,-,-,-,-,53.5272%,-,0,0,,0,
38191468,14,PEQ (Acc),★★★,PEQ-5,-,-,-,-,-,-,-,-,-,-,-,-,-,-,63.5641%,-,0,0,,0,
38191662,14,PEQ (Acc),★★★,PEQ-5,-,-,-,-,-,-,-,-,-,-,-,-,-,-,62.4814%,-,0,0,,0,
38191663,14,PEQ (Acc),★★★,PEQ-5,-,-,-,-,-,-,-,-,-,-,-,-,-,-,64.906%,-,0,0,,0,
38191665,5,EOT (Holographic),★★,EOT 506,-,-,1.0000,1.0000,-,-,-1.000,-,-,-,-,-,-,-,-,-,0,0,MAX,0,
38191668,13,PEQ (Acc),★★,PEQ-2,-,-,-,-,-,-,-,-,-,-,-,-,-,-,51.4180%,-,0,0,,0,
38194076,9,Red Dot (Acc),★★,AMP COMPM2,-,-,-,2.3627,-,-,-1.000,-,-,-,-,-,-,-,-,-,0,0,,0,
38194079,1,Optical (Acc),★★,BM 3-12X40,-,-,-,-,-,-,-,6.3671%,-,-,-,-,-,-,-,-,0,0,,0,
38194080,9,Red Dot (Acc),★★,AMP COMPM2,-,-,-,2.6028,-,-,-1.0000,-,-,-,-,-,-,-,-,-,0,0,,0,
38194083,55,X Exo (Body),★★,IOP X1 Exoskeleton,-,-,-,-,2.0329,-,-,-,-,-,-,-,-,-,-,-,0,0,,0,
38194084,5,EOT (Holographic),★★,EOT 506,-,-,1.000,1.0000,-,-,-1.0000,-,-,-,-,-,-,-,-,-,0,0,MAX,0,
