ID	No.	Type	Rarity	Name	Level	Total Exp	Current Exp	Required Exp	Link	MOD	Max HP	HP	Damage	Accuracy	Evasion	Rate of Fire	Move Speed	Armor	Rounds	Crit.Damage	Skill1	Skill2	Equip1	Equip2	Equip3	Affection	Oathed	Oathed Datetime	Locked
17007	10	HG	★★	PPK	100	3263300	-	-	x5		285	285	25	59	100	63	15	0	0	20	10	0	PPK Suppressor			100			Locked
17140	20029	SMG	★★★★	STEN MkⅡ Mod	100	3263300	0	0	x5	Mod1	950	950	28	16	75	86	12	0	0	5	8	0				100			Locked
19735	20075	MG	★★★★★	M1918 Mod	115	10111992	0	0	x5	Mod3	800	800	100	34	34	115	4	0	8	5	10	10	Mk1000 SLAP	CT 4X20	Titan Fire-Control Chip	100			Locked
38810	27	SMG	★★★	Skorpion	100	3263300	-	-	x5		795	795	24	13	83	95	12	0	0	5	4	0				100			Locked
40259	20063	AR	★★★★	Gr G3 Mod	110	5330800	0	0	x5	Mod2	560	560	57	54	39	64	10	0	0	20	3	3				100			Locked
40341	16	SMG	★★★★★	Thompson	100	3263300	-	-	x5		1190	1190	31	12	56	82	12	0	0	5	10	0	Thompson's Exoskeleton			100			Locked
48957	106	AR	★★★★★	FAL	100	3263300	-	-	x5		660	660	57	43	38	72	10	0	0	20	10	0				100			Locked
104953	118	AR	★★★★	9A-91	100	3263300	-	-	x5		580	580	42	49	50	78	10	0	0	20	10	0	PKN03M Night Vision Scope		9A High-Performance Chip	100			Locked
104969	20037	RF	★★★★	M14 Mod	116	12313157	0	0	x5	Mod3	430	430	111	74	28	44	7	0	0	40	10	10	Mk211 High-Explosive Armor-Piercing Ammo	M2 Bipod		100			Locked
114359	20094	SMG	★★★★	Type64 Mod	100	3263300	0	0	x5	Mod1	880	880	27	11	67	93	12	0	0	5	1	0				100			Locked
125332	20055	AR	★★★★★	M4A1 Mod	120	30283300	-	-	x5	Mod3	565	565	50	50	50	80	10	0	0	20	10	10	VFL 6-24X56	APCR High-Velocity Ammo	Inherited Case	200	Oathed	2019-11-21 12:21	Locked
170098	20056	AR	★★★★★	M4 SOPMOD II Mod	120	30283300	-	-	x5	Mod3	565	565	52	51	46	79	10	0	0	30	10	10	Dinergate RO		16Lab High-Velocity Ammo	100			Locked
206256	20057	AR	★★★★★	ST AR-15 Mod	120	30283300	-	-	x5	Mod3	540	540	50	55	52	78	10	0	0	20	10	10	VFL 6-24X56	Lightweight Rail Kit	.300BLK High-Velocity Ammo	200	Oathed	2019-11-19 14:12	Locked
268590	20101	SMG	★★★★★	UMP9 Mod	115	10179871	0	0	x5	Mod3	900	900	29	17	83	87	12	0	0	5	10	10	UMP UX Exoskeleton		AMP COMPSP	100			Locked
283312	20103	SMG	★★★★★	UMP45 Mod	116	13322070	0	0	x5	Mod3	970	970	29	14	76	83	12	0	0	5	10	10	UMP UX Exoskeleton		Additional Computing Module	200	Oathed	2020-02-18 15:36	Locked
391997	54	AR	★★★★	M16A1	100	3263300	-	-	x5		605	605	47	46	44	75	10	0	0	20	8	0	APCR High-Velocity Ammo		Special Warfare Mobile Suit	100			Locked
431299	99	HG	★★★★	Gr Mk23	100	3263300	-	-	x5		400	400	29	53	66	63	15	0	0	20	10	0				100			Locked
530267	70	AR	★★★	FF FNC	100	3263300	-	-	x5		550	550	51	46	37	73	10	0	0	20	3	0				100			Locked
560616	77	MG	★★★	M2HB	100	3263300	-	-	x5		1075	1075	102	18	16	100	4	0	10	5	10	0				100			Locked
905075	72	AR	★★★★	TAR-21	100	3263300	-	-	x5		525	525	49	48	44	79	10	0	0	20	5	0				100			Locked
960573	6	HG	★★★	Tokarev	100	3263300	-	-	x1		86	86	31	47	66	52	15	0	0	20	1	0				100			Locked
1060777	20081	MG	★★★★	LWMMG Mod	115	10135562	0	0	x5	Mod3	885	885	102	27	24	92	4	0	10	5	10	10	Mk1000 SLAP	RMR T4 Red Dot Sight	IOP Maximum Ammo Box	100			Locked
1168187	20044	RF	★★★★	SV-98 Mod	116	12819314	0	0	x5	Mod3	430	430	128	81	29	37	7	0	0	40	8	8				200	Oathed	2021-01-29 00:46	Locked
1552738	138	AR	★★★	6P62	1	0	0	0	x1		61	61	24	5	4	36	10	0	0	20	1	0				72			Locked
2715120	43	RF	★★★★	SVD	100	3263300	-	-	x5		400	400	130	80	33	37	7	0	0	40	9	0	7N14			100			Locked
2848634	129	AR	★★★★★	Type95	100	3263300	-	-	x5		580	580	55	52	46	71	10	0	0	20	10	0				100			Locked
2867298	20	SMG	★★★★★	Vector	100	3263300	-	-	x5		925	925	30	11	71	101	12	0	0	5	10	0				100			Locked
2964820	130	AR	★★★★★	Type97	100	3263300	-	-	x5		580	580	54	51	46	72	10	0	0	20	4	0				100			Locked
3275460	36	RF	★★★★	Springfield	100	3263300	-	-	x5		420	420	128	72	40	32	7	0	0	40	10	0				100			Locked
3997646	96	HG	★★★★★	Grizzly	100	3263300	-	-	x5		430	430	38	51	66	54	15	0	0	20	10	0			IOP T3 Exoskeleton	100			Locked
4029902	20005	HG	★★★★	M1895 Mod	117	18912277	0	0	x5	Mod3	355	355	35	48	99	45	15	0	0	20	10	10	M1895 Suppressor	ILM Hollow-Point Ammo	IOP T4 Exoskeleton	100			Locked
5629307	20097	HG	★★★★★★	M950A Mod	117	15493707	0	0	x5	Mod3	400	400	32	57	77	72	15	0	0	20	10	10	WML & Tactical Handguard	Signal Flare	IOP T4 Exoskeleton	200	Oathed	2022-03-12 01:48	Locked
7839083	170	AR	★★★	ASh-12.7	1	0	0	0	x1		55	55	22	5	4	39	10	0	0	20	1	0				50			Locked
8880125	109	MG	★★★★★	Gr MG5	100	3263300	-	-	x5		990	990	85	27	27	120	4	0	11	5	10	0	Mk1000 SLAP			100			Locked
9470149	80	MG	★★★	M1919A4	90	2026132	0	0	x5		865	865	90	24	20	96	4	0	9	5	10	0	Mk1000 SLAP	RMR T4 Red Dot Sight		70			Locked
9926070	128	RF	★★★★★	M99	100	3263300	-	-	x5		440	440	157	81	32	32	7	0	0	40	1	0				53			Locked
10329065	20161	SG	★★★★★	Type97S Mod	114	9046910	0	0	x5	Mod2	1345	1345	36	13	14	28	6	22	3	40	10	10				100			Locked
11195109	20026	SMG	★★★★★	Gr MP5 Mod	115	10991377	0	0	x5	Mod3	900	900	31	14	71	90	12	0	0	5	10	10	GSG UX Exoskeleton	ILM Hollow-Point Ammo	LED Weapon Light	100			Locked
13005881	69	AR	★★★★	Fr FAMAS	90	2001488	0	0	x5		575	575	41	44	36	79	10	0	0	20	1	0				100			Locked
13901716	20124	RF	★★★★	Super SASS Mod	115	10085028	0	0	x5	Mod3	450	450	124	72	30	40	7	0	0	40	10	10				100			Locked
13946476	116	SMG	★★★	Z-62	1	0	0	0	x1		84	84	10	2	10	52	12	0	0	5	1	0				50			Locked
13952050	98	HG	★★★★	SPP-1	91	2137950	0	0	x5		365	365	33	56	69	46	15	0	0	20	1	0				100			Locked
14212224	119	AR	★★★★★	OTs-14	100	3263300	-	-	x5		550	550	49	54	54	75	10	0	0	20	10	0		APCR High-Velocity Ammo	Focus Chip	100			Locked
18594408	135	SMG	★★★★★	SR-3MP	100	3263300	-	-	x5		970	970	31	12	67	90	12	0	0	5	10	0				100			Locked
18633428	115	SMG	★★★★★	Suomi	100	3263300	-	-	x5		1100	1100	28	15	56	93	12	0	0	5	8	0	Mk31 Multi-functional Exoskeleton			100			Locked
18669992	166	HG	★★★★★	CZ75	94	2551789	0	0	x5		320	320	33	59	70	65	15	0	0	20	10	0				100			Locked
18887057	112	MG	★★★★★	Negev	100	3263300	-	-	x5		870	870	84	35	36	139	4	0	9	5	10	0				100			Locked
19304924	144	SMG	★★★	MT-9	1	0	0	0	x1		102	102	10	2	9	63	12	0	0	5	1	0				50			Locked
19487366	20114	HG	★★★★★★	Welrod MkⅡ Mod	115	10731185	0	0	x5	Mod3	405	405	31	74	97	52	15	0	0	40	10	10			Special Ops Bag	200	Oathed	2023-02-09 00:17	Locked
21836340	127	SMG	★★★★★	Type79	100	3263300	-	-	x5		970	970	32	12	70	88	12	0	0	5	8	0		S&B762		100			Locked
21999916	20095	RF	★★★★	Type88 Mod	118	21649250	0	0	x5	Mod3	520	520	117	69	39	37	7	0	0	40	10	10	Magnetic Accelerated Rounds	Acceleration Coil		200	Oathed	2021-02-01 18:21	Locked
22813003	20143	SMG	★★★★★★	RO635 Mod	115	10981604	0	0	x5	Mod3	1035	1035	29	15	76	97	12	0	0	5	10	10	Beloved Dangle			200	Oathed	2022-01-26 05:58	Locked
24339523	175	AR	★★★★★	ART556	100	3263300	-	-	x5		580	580	53	53	49	69	10	0	0	20	1	0				100			Locked
24459408	84	MG	★★★	RPD	100	3263300	-	-	x5		825	825	82	34	34	121	4	0	8	5	1	0			RPD Infantry Webbing	100			Locked
25760127	20154	SG	★★★★	M500 Mod	115	11430568	0	0	x5	Mod3	1345	1345	33	12	10	29	6	22	4	40	10	10	Type 3 Armor Plate	Shotgun Flash Shells	MGP Upgrade Kit	100			Locked
26965023	46	RF	★★★★★	Kar98k	100	3263300	-	-	x5		420	420	135	78	41	34	7	0	0	40	10	0		PM 5-25X56		100			Locked
29408603	192	RF	★★★★★	JS05	25	30000	0	0	x1		56	56	78	29	11	23	7	0	0	40	1	0				50			Locked
29886036	148	RF	★★★★★	IWS 2000	100	3263300	-	-	x5		440	440	162	78	29	32	7	0	0	40	10	0				100			Locked
31103649	196	AR	★★★★★	Zas M21	100	3263300	-	-	x1		121	121	55	48	41	74	10	0	0	20	10	0				100			Locked
31104156	123	HG	★★★	P99	15	11552	0	0	x1		34	34	15	15	23	45	15	0	0	20	1	0				100			Locked
31105627	168	HG	★★★★	Spitfire	100	3263300	-	-	x5		350	350	33	60	71	59	15	0	0	20	10	0				100			Locked
31115582	183	HG	★★★★★	Contender	100	3263300	-	-	x5		330	330	46	85	82	44	15	0	0	40	10	0				100			Locked
31117784	149	MG	★★★★	AEK-999	90	2008285	0	0	x5		785	785	84	27	26	116	4	0	10	5	1	0				89			Locked
31122160	62	AR	★★★★★	Gr G41	100	3263300	-	-	x5		635	635	50	48	40	77	10	0	0	20	8	0	PEQ-16A	APCR High-Velocity Ammo	Hi-Performance Tactical Hair Accessory	100			Locked
31122305	196	AR	★★★★★	Zas M21	100	3263300	-	-	x5		605	605	55	48	41	74	10	0	0	20	10	0	PEQ-16A	APCR High-Velocity Ammo	#2 Processor	150	Oathed	2019-05-03 20:12	Locked
32226957	131	SMG	★★★	EVO 3	1	0	0	0	x1		97	97	9	2	10	65	12	0	0	5	1	0				55			Locked
32807265	126	HG	★★★★★	NZ75	100	3263300	-	-	x5		365	365	33	62	74	63	15	0	0	20	4	0				100			Locked
33338272	1001	HG	★★★★★	Noel	62	464000	0	0	x1		48	48	29	40	54	57	15	0	0	20	1	0				100			Locked
34728631	181	AR	★★★★★	T91	92	2234665	0	0	x5		595	595	49	41	43	74	10	0	0	20	8	0				100			Locked
34732514	20064	AR	★★★★★	Gr G36 Mod	115	10244572	0	0	x5	Mod3	645	645	51	48	44	75	10	0	0	20	8	8				100			Locked
34733133	196	AR	★★★★★	Zas M21	100	3263300	-	-	x1		121	121	55	48	41	74	10	0	0	20	10	0				100			Locked
34734646	172	AR	★★★★★	Am RFB	100	3263300	-	-	x5		525	525	69	68	49	54	10	0	0	30	10	0	Am RFB Quad Rail	APCR High-Velocity Ammo	#2 Processor	100			Locked
34736552	150	SMG	★★★★	Shipka	70	729000	0	0	x1		142	142	20	11	59	86	12	0	0	5	1	0				50			Locked
34737085	173	MG	★★★★★	PKP	100	3263300	-	-	x5		825	825	95	31	29	127	4	0	10	5	10	0		RMR T4 Red Dot Sight		100			Locked
36046597	134	AR	★★★	AR70	1	0	0	0	x1		55	55	18	6	5	48	10	0	0	20	1	0				50			Locked
36912369	190	SG	★★★	NS2000	30	45000	0	0	x3		492	492	19	5	5	22	6	8	5	40	1	0				50			Locked
37503325	121	MG	★★★★	Mk48	1	0	0	0	x1		87	87	36	4	4	80	4	0	10	5	1	0				55			Locked
37918657	184	RF	★★★★	T-5000	90	1992390	0	0	x5		430	430	118	77	26	34	7	0	0	40	4	0				100			Locked
40009791	147	RF	★★★	SSG 69	1	0	0	0	x1		40	40	47	10	5	20	7	0	0	40	1	0				50			Locked
40029159	142	HG	★★★★★	Five-seven	98	3080297	0	0	x5		315	315	31	56	95	66	15	0	0	20	8	0				100			Locked
40228397	146	RF	★★★★	Gr G28	70	705000	0	0	x1		75	75	96	59	22	35	7	0	0	40	1	0				50			Locked
40317961	142	HG	★★★★★	Five-seven	32	54390	0	0	x3		126	126	18	23	39	51	15	0	0	20	1	0				51			Locked
40324910	20091	HG	★★★★	MP-446 Mod	115	10133340	0	0	x5	Mod3	340	340	30	57	79	60	15	0	0	20	10	8	MP446C Match Barrel			100			Locked
41869424	132	HG	★★★	Type59	5	1140	0	0	x1		31	31	11	10	15	41	15	0	0	20	1	0				100			Locked
41969066	73	AR	★★★★★	AUG	100	3263300	-	-	x5		605	605	55	57	46	75	10	0	0	30	10	0		APCR High-Velocity Ammo		100			Locked
42726286	22	SMG	★★★	PPS-43	96	2729971	0	0	x5		865	865	32	12	63	73	12	0	0	5	8	0				100			Locked
43727777	167	HG	★★★	Gr HK45	43	137100	0	0	x1		47	47	22	29	40	46	15	0	0	20	1	0				100			Locked
44168612	66	AR	★★★★	Type56-1	1	0	0	0	x1		69	69	20	5	5	48	10	0	0	20	1	0				60			Locked
44674909	198	RF	★★★★★	Carcano M91/38	100	3263300	-	-	x5		365	365	146	90	44	34	7	0	0	40	10	0	M1022 Sniper Rounds	VFL 6-24X56	Thermoptic Camouflage Cape	100			Locked
47035204	174	RF	★★★	Type81R	70	705000	0	0	x4		256	256	99	59	31	29	7	0	0	40	1	0				100			Locked
48710844	157	SG	★★★★★	Am KSG	100	3263300	-	-	x5		1265	1265	29	13	12	30	6	24	5	40	10	0				100			Locked
50496814	137	SMG	★★★★	PP-19-01	30	45000	0	0	x3		378	378	16	6	27	68	12	0	0	5	1	0				60			Locked
50671504	228	SMG	★★★★★	100 Shiki	70	723793	0	0	x3		540	540	24	11	50	69	12	0	0	5	1	0				100			Locked
50673754	213	SMG	★★★★★	C-MS	100	3263300	-	-	x5		925	925	32	15	75	87	12	0	0	5	10	0				100			Locked
50674243	212	HG	★★★★	K5	100	3263300	-	-	x5		330	330	29	52	81	62	15	0	0	40	10	0				100			Locked
50985022	249	MG	★★★	62 Shiki	1	0	0	0	x1		85	85	32	4	4	83	4	0	9	5	1	0				50			Locked
51032936	215	AR	★★★★★	MDR	91	2163117	0	0	x5		570	570	52	46	38	74	10	0	0	20	10	0				100			Locked
52581250	177	SMG	★★★★	KLIN	1	0	0	0	x1		96	96	10	2	11	68	12	0	0	5	1	0				50			Locked
52602915	179	RF	★★★★★	Gd DSR-50	100	3263300	-	-	x5		410	410	163	87	33	31	7	0	0	40	10	0				100			Locked
52925955	180	RF	★★★★	PzB39	38	96000	0	0	x3		174	174	87	32	14	25	7	0	0	40	1	0				57			Locked
52967303	117	RF	★★★★	Gr PSG-1	1	0	0	0	x1		47	47	47	10	4	27	7	0	0	40	1	0				50			Locked
53017163	120	AR	★★★	ARX-160	1	0	0	0	x1		50	50	18	6	6	50	10	0	0	20	1	0				50			Locked
54035609	185	MG	★★★★	Ameli	100	3263300	-	-	x1		141	141	83	38	42	149	4	0	8	5	1	0				55			Locked
54146583	102	SMG	★★★★	UMP40	70	737440	0	0	x4		612	612	22	10	55	77	12	0	0	5	1	0				83			Locked
54247393	109	MG	★★★★★	Gr MG5	93	2387543	0	0	x5		955	955	81	26	26	117	4	0	11	5	10	0				100			Locked
54247433	85	MG	★★★★	PK	94	2525918	0	0	x5		920	920	92	20	22	82	4	0	11	5	10	0				100			Locked
54247482	173	MG	★★★★★	PKP	100	3263300	-	-	x5		825	825	95	31	29	127	4	0	10	5	10	0				100			Locked
56232374	176	SMG	★★★	TMP	1	0	0	0	x1		75	75	11	2	11	65	12	0	0	5	1	0				50			Locked
58630948	20136	SMG	★★★★★	PP-19 Mod	115	10207569	0	0	x5	Mod3	945	945	27	14	79	91	12	0	0	5	10	10			PT-3 Stock	100			Locked
59377028	243	AR	★★★★★	64 Shiki	100	3263300	-	-	x5		625	625	67	62	43	63	10	0	0	20	10	0	PEQ-16A			100			Locked
59380490	236	AR	★★★★★	K11	100	3263300	-	-	x5		675	675	53	54	37	76	10	0	0	20	10	0	PEQ-16A	APCR High-Velocity Ammo	#2 Processor	100			Locked
59383791	96	HG	★★★★★	Grizzly	100	3263300	-	-	x5		430	430	38	51	66	54	15	0	0	20	10	0	AC4 Suppressor	ILM Hollow-Point Ammo	MkV Mobility Skeleton	100			Locked
59384464	248	HG	★★★★	Jericho	56	344370	0	0	x3		180	180	23	31	40	52	15	0	0	20	1	0				70			Locked
59386288	194	AR	★★★★★	K2	100	3263300	-	-	x5		635	635	50	51	42	78	10	0	0	20	10	0				100			Locked
59387178	235	RF	★★★★	SPR A3G	11	6000	0	0	x2		96	96	54	18	7	25	7	0	0	40	1	0				50			Locked
60084708	222	RF	★★★★★	TAC-50	78	1162575	0	0	x4		308	308	132	67	25	30	7	0	0	40	5	0				67			Locked
62047277	113	HG	★★★	Serdyukov	90	2003560	0	0	x5		330	330	31	53	63	57	15	0	0	20	4	0				100			Locked
66832876	191	SMG	★★★	M12	1	0	0	0	x1		102	102	10	2	8	52	12	0	0	5	1	0				50			Locked
67412711	15	HG	★★★	G17	1	0	0	0	x1		32	32	11	8	12	42	15	0	0	20	1	0				100			Locked
71333999	145	RF	★★★	OTs-44	1	0	0	0	x1		40	40	52	8	4	21	7	0	0	40	1	0				55			Locked
71544831	1021	MG	★★★★★	Alma Armas	70	744882	0	0	x4		664	664	72	23	17	117	4	0	9	5	7	0				100			Locked
71544897	1019	SMG	★★★★★	Dorothy Haze	100	3263300	-	-	x5		880	880	28	15	87	79	12	0	0	5	10	0				100			Locked
71616709	201	RF	★★★	Gepard M1	62	484050	0	0	x3		216	216	108	51	19	26	7	0	0	40	6	0				100			Locked
71631590	1017	HG	★★★★★	Jill Stingray	100	3263300	-	-	x5		400	400	30	53	96	55	15	0	0	20	10	0	Adelhyde	Bronson Extract	Karmotrine	100			Locked
71698366	1018	HG	★★★★★	Sei Asagiri	100	3263300	-	-	x5		425	425	30	59	77	53	15	0	0	20	10	0			White Knight's Armor	100			Locked
71891871	1020	RF	★★★★★	Stella Hoshii	90	2071140	0	0	x5		430	430	109	77	33	34	7	0	0	40	8	0				98			Locked
71895081	20221	HG	★★★★	GSh-18 Mod	115	11793540	0	0	x5	Mod3	365	365	34	53	89	58	15	0	0	20	8	8		7N31		100			Locked
73413035	51	RF	★★	FF FN49	74	911725	0	0	x4		324	324	93	47	25	30	7	0	0	40	1	0				100			Locked
73822745	237	AR	★★★★	SAR-21	70	704666	0	0	x2		196	196	37	35	28	73	10	0	0	20	1	0				50			Locked
73839169	233	HG	★★★★★	Px4 Storm	100	3263300	-	-	x5		340	340	35	69	93	57	15	0	0	20	10	0	ImpulsIIA/C			100			Locked
73844090	238	MG	★★★★★	QJY-88	100	3263300	-	-	x5		825	825	86	33	35	126	4	0	10	5	8	0				100			Locked
73844645	247	RF	★★★★	K31	70	705000	0	0	x1		66	66	102	57	28	35	7	0	0	40	1	0				50			Locked
73877863	211	RF	★★★★★	SRS	90	2017657	0	0	x5		410	410	126	75	32	34	7	0	0	40	8	0				100			Locked
76240621	20002	HG	★★★★	M1911 Mod	115	11573182	0	0	x5	Mod3	370	370	28	51	77	58	15	0	0	20	8	10		XM261 ACP		100			Locked
77068309	89	MG	★★★	Bren	30	45000	0	0	x3		336	336	49	12	11	79	4	0	8	5	1	0				50			Locked
77295488	186	HG	★★★	P226	5	1206	0	0	x1		38	38	12	10	12	43	15	0	0	20	1	0				100			Locked
82034089	193	AR	★★★	T65	90	2021555	0	0	x5		585	585	50	41	37	74	10	0	0	20	7	0				100			Locked
87066170	187	AR	★★★★	Ak 5	60	417386	0	0	x3		279	279	38	31	25	65	10	0	0	20	1	0				100			Locked
87522808	196	AR	★★★★★	Zas M21	1	0	0	0	x1		61	61	19	6	5	49	10	0	0	20	1	0				50			Locked
87611495	204	RF	★★★★★	Ballista	70	707390	0	0	x4		280	280	111	68	26	32	7	0	0	40	1	0				100			Locked
87963330	28	SMG	★★★★★	Gr MP7	100	3263300	-	-	x5		990	990	30	13	69	91	12	0	0	5	10	0				95			Locked
87964843	207	AR	★★★★	CZ2000	1	0	0	0	x1		55	55	18	6	6	54	10	0	0	20	1	0				50			Locked
88194026	202	HG	★★★★	Thunder	100	3263300	-	-	x5		430	430	46	57	60	37	15	0	0	40	8	0				100			Locked
88234320	208	MG	★★★★★	HMG21	95	2676835	0	0	x5		820	820	89	28	31	133	4	0	10	5	8	0				100			Locked
88288055	203	SMG	★★★★	Honey Badger	100	3263300	-	-	x5		990	990	33	13	60	82	12	0	0	5	8	0	MkQ Light Exoskeleton			100			Locked
88476923	196	AR	★★★★★	Zas M21	1	0	0	0	x1		61	61	19	6	5	49	10	0	0	20	1	0				55			Locked
88498404	206	AR	★★★★★	AK-12	100	3263300	-	-	x5		550	550	56	62	52	78	10	0	0	20	10	0		APCR High-Velocity Ammo	#2 Processor	100			Locked
89132045	20060	AR	★★★★★	AS Val Mod	116	14017835	0	0	x5	Mod3	675	675	42	50	50	76	10	0	0	20	10	10		SP6 Subsonic Ammo		100			Locked
89132192	196	AR	★★★★★	Zas M21	1	0	0	0	x1		61	61	19	6	5	49	10	0	0	20	1	0				100			Locked
92626175	99	HG	★★★★	Gr Mk23	90	2082454	0	0	x5		380	380	27	48	60	62	15	0	0	20	8	0				100			Locked
93782009	195	MG	★★★	Gr MG23	1	0	0	0	x1		75	75	28	4	4	90	4	0	9	5	1	0				50			Locked
93877288	233	HG	★★★★★	Px4 Storm	93	2363753	0	0	x5		325	325	33	65	88	55	15	0	0	20	8	0				100			Locked
94457108	209	SMG	★★★	OTs-39	1	0	0	0	x1		96	96	11	2	10	52	12	0	0	5	1	0				50			Locked
95672793	199	MG	★★★★	Type80	83	1443490	0	0	x4		636	636	83	23	21	112	4	0	10	5	2	0				100			Locked
96121389	19	SMG	★★★	FMG-9	1	0	0	0	x1		71	71	10	2	12	63	12	0	0	5	1	0				50			Locked
96466828	183	HG	★★★★★	Contender	54	290290	0	0	x1		51	51	31	50	49	36	15	0	0	40	1	0				71			Locked
97615729	230	RF	★★★	OBR	53	278435	0	0	x3		186	186	82	47	19	32	7	0	0	40	1	0				100			Locked
98366248	210	HG	★★★	CZ52	1	0	0	0	x1		38	38	12	7	9	36	15	0	0	20	1	0				51			Locked
100959066	93	SMG	★★	IDW	7	2784	0	0	x1		80	80	11	3	15	51	12	0	0	5	1	0				56			Locked
101634610	217	RF	★★★	SM-1	1	0	0	0	x1		41	41	35	10	5	27	7	0	0	40	1	0				50			Locked
101693836	225	SMG	★★★★	Cx4 Storm	1	0	0	0	x1		90	90	13	2	10	44	12	0	0	5	1	0				50			Locked
102213963	59	SMG	★★★★★	AK-74U	100	3263300	-	-	x5		970	970	35	13	67	83	12	0	0	5	8	0				100			Locked
102400752	239	AR	★★★	Type03	1	0	0	0	x1		58	58	20	7	6	50	10	0	0	20	1	0				50			Locked
102696619	226	RF	★★★★	Mk 12	1	0	0	0	x1		41	41	36	10	4	31	7	0	0	40	1	0				50			Locked
104838292	198	RF	★★★★★	Carcano M91/38	100	3263300	-	-	x5		365	365	146	90	44	34	7	0	0	40	10	0				100			Locked
105618465	231	RF	★★★★★	M82A1	1	0	0	0	x1		44	44	54	9	4	22	7	0	0	40	1	0				50			Locked
107266813	4	HG	★★★★★	Python	100	3263300	-	-	x5		350	350	40	81	82	49	15	0	0	40	10	0	RMR T4 Red Dot Sight	16Lab Hollow-Point	IOP X4 Exoskeleton	100			Locked
107282195	227	AR	★★★★	A-91	1	0	0	0	x1		57	57	19	7	5	51	10	0	0	20	1	0				50			Locked
107792545	256	RF	★★★	Falcon	100	3263300	-	-	x5		440	440	140	71	28	32	7	0	0	40	10	0				53			Locked
107794459	214	AR	★★★★★	ADS	70	719880	0	0	x4		412	412	40	40	33	69	10	0	0	20	6	0				53			Locked
107794682	198	RF	★★★★★	Carcano M91/38	94	2527688	0	0	x5		350	350	140	85	42	34	7	0	0	40	10	0	M1022 Sniper Rounds	VFL 6-24X56	Thermoptic Camouflage Cape	100			Locked
107794935	270	RF	★★★★	4 Shiki	100	3263300	-	-	x5		420	420	112	74	37	39	7	0	0	40	10	0	Arisaka AP Rounds			100			Locked
107797056	261	RF	★★★★★	QBU-88	100	3263300	-	-	x5		420	420	126	87	41	42	7	0	0	40	8	0				100			Locked
107798550	269	HG	★★★★	Gr P30	1	0	0	0	x1		35	35	12	8	11	37	15	0	0	20	1	0				50			Locked
108208419	218	SMG	★★★	T77	7	2784	0	0	x1		98	98	11	3	14	68	12	0	0	5	1	0				51			Locked
111120246	223	AR	★★★	Model L	1	0	0	0	x1		55	55	19	6	6	50	10	0	0	20	1	0				58			Locked
112088287	234	SMG	★★★★★	JS 9	100	3263300	-	-	x5		900	900	27	15	86	89	12	0	0	5	10	0				100			Locked
114289579	1010	HG	★★★★★	El Fail	34	66375	0	0	x2		88	88	17	26	36	47	15	0	0	20	1	0				100			Locked
115483388	164	SG	★★★★★	FP-6	100	3263300	-	-	x5		1300	1300	31	13	12	28	6	24	4	40	10	0		#000 Buckshot		100			Locked
117115013	232	HG	★★★	MP-448	90	2020130	0	0	x5		305	305	24	56	90	58	15	0	0	20	4	0				100			Locked
120923097	244	HG	★★★	TEC-9	90	2021390	0	0	x5		395	395	27	42	58	61	15	0	0	20	8	0				100			Locked
121111913	255	RF	★★★	Scout	1	0	0	0	x1		45	45	43	10	5	24	7	0	0	40	1	0				50			Locked
121347169	20032	SMG	★★★★	Micro Uzi Mod	115	10085100	0	0	x5	Mod3	880	880	25	13	82	104	12	0	0	5	10	10			MPL M21	100			Locked
121595342	262	AR	★★★★	EM-2	91	2098090	0	0	x5		570	570	54	44	44	60	10	0	0	20	8	0				100			Locked
121595502	264	MG	★★★★	Chauchat	30	45480	0	0	x3		336	336	56	13	12	62	4	0	9	5	1	0				52			Locked
121600792	260	HG	★★★★★	PA-15	100	3263300	-	-	x5		350	350	35	65	76	64	15	0	0	20	8	0				83			Locked
123299468	20252	RF	★★★★★	KSVK Mod	119	26876576	0	0	x5	Mod3	455	455	165	86	31	32	7	0	0	40	10	10	12.7mm 1SL			200	Oathed	2021-01-12 23:48	Locked
124053888	250	HG	★★★★★	HS2000	96	2730966	0	0	x5		350	350	33	59	84	61	15	0	0	20	10	0		ILM Hollow-Point Ammo		87			Locked
124751876	242	HG	★★★★★	P22	90	2048735	0	0	x5		330	330	26	60	101	60	15	0	0	20	8	0	AC4 Suppressor	ILM Hollow-Point Ammo	IOP T4 Exoskeleton	100			Locked
124986988	250	HG	★★★★★	HS2000	100	3263300	-	-	x5		360	360	33	61	87	62	15	0	0	20	10	0	AC4 Suppressor	ILM Hollow-Point Ammo	16Lab T4 Exoskeleton	100			Locked
125039164	253	MG	★★★★★	Lewis	100	3263300	-	-	x5		950	950	102	31	31	116	4	0	10	5	10	0	Mk1000 SLAP	RMR T4 Red Dot Sight	IOP Maximum Ammo Box	100			Locked
125118790	20097	HG	★★★★★★	M950A Mod	110	5314780	0	0	x5	Mod2	395	395	32	56	75	72	15	0	0	20	8	8				100			Locked
125302126	258	AR	★★★	Magal	70	705000	0	0	x4		392	392	37	35	32	63	10	0	0	20	2	0				50			Locked
126254109	265	AR	★★★	Gr HK33	1	0	0	0	x1		53	53	18	7	6	50	10	0	0	20	1	0				50			Locked
126255445	250	HG	★★★★★	HS2000	4	780	0	0	x1		37	37	13	10	14	43	15	0	0	20	1	0				50			Locked
126255494	250	HG	★★★★★	HS2000	1	0	0	0	x1		36	36	12	8	11	42	15	0	0	20	1	0				50			Locked
127101438	241	RF	★★★	RT-20	1	0	0	0	x1		45	45	56	10	4	18	7	0	0	40	1	0				50			Locked
127126735	251	SMG	★★★★★	X95	95	2651191	0	0	x5		945	945	33	12	64	89	12	0	0	5	10	0				95			Locked
127126848	242	HG	★★★★★	P22	44	149598	0	0	x2		100	100	18	33	56	51	15	0	0	20	1	0				100			Locked
127126878	142	HG	★★★★★	Five-seven	1	0	0	0	x1		32	32	11	7	12	44	15	0	0	20	1	0				50			Locked
127176179	254	MG	★★★★	UKM-2000	1	0	0	0	x1		85	85	35	4	4	81	4	0	11	5	2	0				65			Locked
127297336	3	HG	★★★	M9	90	2005240	0	0	x5		365	365	27	51	60	59	15	0	0	20	8	0				100			Locked
127371128	14	HG	★★★	Astra	90	2055100	0	0	x5		380	380	31	41	62	50	15	0	0	20	1	0				100			Locked
127702695	257	RF	★★★★★	M200	14	9600	0	0	x1		50	50	62	23	8	24	7	0	0	40	1	0				50			Locked
129201768	267	SMG	★★★	MP41	1	0	0	0	x1		97	97	11	2	8	52	12	0	0	5	1	0				50			Locked
130815474	4	HG	★★★★★	Python	100	3263300	-	-	x5		350	350	40	81	82	49	15	0	0	40	2	0	AC4 Suppressor			100			Locked
132160926	288	AR	★★★★	CR-21	11	6000	0	0	x2		122	122	22	12	10	58	10	0	0	20	1	0				50			Locked
132161671	287	AR	★★★★★	SIG-556	100	3263300	-	-	x1		121	121	51	46	45	76	10	0	0	20	1	0				50			Locked
132163284	286	SMG	★★★★	K-PDW	1	0	0	0	x1		90	90	13	2	10	57	12	0	0	5	1	0				50			Locked
132163435	97	HG	★★★★★	M950A	1	0	0	0	x1		38	38	11	7	9	49	15	0	0	20	1	0				50			Locked
132163674	97	HG	★★★★★	M950A	1	0	0	0	x1		38	38	11	7	9	49	15	0	0	20	1	0				50			Locked
132165240	285	HG	★★★★★	C-93	94	2461986	0	0	x5		305	305	31	59	93	63	15	0	0	20	10	0				100			Locked
133353364	268	RF	★★★	T-CMS	16	12370	0	0	x2		102	102	57	20	8	27	7	0	0	40	1	0				50			Locked
135110433	1027	AR	★★★★★	Angelica	100	3263300	-	-	x5		605	605	55	57	46	75	10	0	0	30	10	0	PEQ-16A	APCR High-Velocity Ammo	Fairy Tale Picture Books	100			Locked
135774285	271	MG	★★★	K3	1	0	0	0	x1		83	83	28	4	5	90	4	0	9	5	1	0				50			Locked
136778830	224	SMG	★★★★★	PM-06	1	0	0	0	x1		96	96	11	2	10	57	12	0	0	5	1	0				50			Locked
137209708	1024	RF	★★★★★	Rico	100	3263300	-	-	x5		400	400	130	80	33	37	7	0	0	40	10	0			Duelling Cards	100			Locked
137218713	266	RF	★★★★★	R93	1	0	0	0	x1		41	41	44	11	4	25	7	0	0	40	1	0				50			Locked
137233401	1023	SMG	★★★★★	Henrietta	91	2123297	0	0	x5		910	910	29	14	76	90	12	0	0	5	10	0				95			Locked
137244000	1026	MG	★★★★★	Claes	1	0	0	0	x1		79	79	26	4	4	90	4	0	8	5	1	0				50			Locked
139268039	278	SG	★★★	Six12	1	0	0	0	x1		121	121	13	2	2	21	6	3	4	40	1	0				50			Locked
140363723	140	HG	★★★	PSM	1	0	0	0	x1		29	29	8	8	13	42	15	0	0	20	1	0				100			Locked
140543465	276	MG	★★★★★	Kord	100	3263300	-	-	x5		990	990	109	22	21	110	4	0	9	5	10	0	Mk1000 SLAP	RMR T4 Red Dot Sight	IOP Maximum Ammo Box	100			Locked
140634613	273	RF	★★★★	SSG3000	30	45000	0	0	x3		171	171	69	30	12	29	7	0	0	40	1	0				50			Locked
140689914	274	AR	★★★★★	ACR	100	3263300	-	-	x5		580	580	54	54	48	77	10	0	0	30	10	0		16Lab High-Velocity Ammo	#2 Processor	100			Locked
142174713	284	RF	★★★	Zas M76	1	0	0	0	x1		42	42	40	10	5	25	7	0	0	40	8	0				100			Locked
142298413	250	HG	★★★★★	HS2000	1	0	0	0	x1		36	36	12	8	11	42	15	0	0	20	1	0				67			Locked
142298421	276	MG	★★★★★	Kord	91	2108141	0	0	x5		945	945	103	20	19	107	4	0	9	5	8	0	Mk1000 SLAP	RMR T4 Red Dot Sight	IOP Maximum Ammo Box	100			Locked
142544651	20061	AR	★★★★	StG44 Mod	116	13191100	0	0	x5	Mod3	645	645	58	50	37	66	10	0	0	20	10	10	PEQ-16A	7.92 KURZ	#2 Processor	200	Oathed	2021-05-28 21:36	Locked
142775606	240	MG	★★★★	Mk46	1	0	0	0	x1		81	81	26	4	4	93	4	0	9	5	1	0				50			Locked
142835161	198	RF	★★★★★	Carcano M91/38	90	2061565	0	0	x5		345	345	136	82	40	33	7	0	0	40	10	0	Mk211 High-Explosive Armor-Piercing Ammo	VFL 6-24X56	Thermoptic Camouflage Cape	67			Locked
144249251	9	HG	★★	P38	100	3263300	-	-	x5		330	330	28	49	81	57	15	0	0	20	1	0				100			Locked
144658496	291	SMG	★★★	43M	1	0	0	0	x1		93	93	11	2	7	60	12	0	0	5	1	0				50			Locked
145083708	280	SMG	★★★★	MAT-49	91	2187450	0	0	x5		885	885	28	13	67	78	12	0	0	5	1	0				100			Locked
145327396	12	HG	★★★	C96	11	6000	0	0	x2		92	92	14	10	15	46	15	0	0	20	1	0				56			Locked
145741423	1028	SMG	★★★★★	Agent Vector	100	3263300	-	-	x5		925	925	30	11	71	101	12	0	0	5	10	0	Go-Bag "V"	.45 Hollow Point Ammo (Incendiary)	Osprey 45 Silencer	100			Locked
145896230	283	SG	★★★★	Liberator	1	0	0	0	x1		116	116	13	2	2	20	6	3	4	40	1	0				50			Locked
147878061	299	SG	★★★	HSM10	1	0	0	0	x1		124	124	13	2	2	19	6	3	4	40	1	0				50			Locked
148156401	1029	AR	★★★★★	Agent 416	100	3263300	-	-	x5		605	605	51	46	44	76	10	0	0	20	10	0	ACOG (4X)	556 High-Velocity Ammo (Explosive)	416's Go-Bag	100			Locked
148832337	298	AR	★★★	Vepr	1	0	0	0	x1		55	55	17	6	6	48	10	0	0	20	1	0				50			Locked
149889815	196	AR	★★★★★	Zas M21	1	0	0	0	x1		61	61	19	6	5	49	10	0	0	20	1	0				57			Locked
149893902	196	AR	★★★★★	Zas M21	1	0	0	0	x1		61	61	19	6	5	49	10	0	0	20	1	0				50			Locked
149900051	306	AR	★★★★★	AK-Alfa	100	3263300	-	-	x5		580	580	56	53	52	75	10	0	0	20	10	0			#2 Processor	100			Locked
149901264	307	MG	★★★★★	ZB-26	100	3263300	-	-	x5		910	910	100	30	31	116	4	0	9	5	10	0				58			Locked
149902993	305	RF	★★★★	Tabuk	1	0	0	0	x1		42	42	41	10	5	26	7	0	0	40	1	0				50			Locked
149911986	259	SMG	★★★★★	PM-9	66	591600	0	0	x3		438	438	22	10	60	91	12	0	0	5	1	0				79			Locked
150067409	300	MG	★★★	CAR	1	0	0	0	x1		83	83	34	4	4	76	4	0	8	5	1	0				50			Locked
152443243	301	SMG	★★★	MAS-38	1	0	0	0	x1		96	96	10	2	10	57	12	0	0	5	1	0				50			Locked
153047644	275	MG	★★★★	M1895 CB	1	0	0	0	x1		95	95	34	4	3	90	4	0	10	5	1	0				50			Locked
153737481	296	RF	★★★★★	Gr SL8	100	3263300	-	-	x5		425	425	120	78	39	41	7	0	0	40	10	0				75			Locked
155379590	294	HG	★★★★★	Webley	100	3263300	-	-	x5		430	430	29	66	81	57	15	0	0	20	10	0	AC4 Suppressor	16Lab Hollow-Point	IOP T4 Exoskeleton	100			Locked
155533879	309	HG	★★★	WKp	1	0	0	0	x1		40	40	14	6	8	29	15	0	0	20	1	0				100			Locked
155651613	297	AR	★★★★	FI M82	1	0	0	0	x1		57	57	18	6	6	50	10	0	0	20	1	0				50			Locked
155651631	295	SMG	★★★★	CF-05	1	0	0	0	x1		96	96	10	2	10	61	12	0	0	5	1	0				50			Locked
155664798	289	AR	★★★★★	R5	1	0	0	0	x1		62	62	20	7	6	51	10	0	0	20	1	0				50			Locked
157912772	290	AR	★★★★★	89 Shiki	19	17280	0	0	x2		144	144	27	14	13	59	10	0	0	20	10	0				51			Locked
157913767	304	SMG	★★★★	SAF	100	3263300	-	-	x5		900	900	25	14	69	99	12	0	0	5	10	0				100			Locked
158107769	314	AR	★★★	StG-940	1	0	0	0	x1		55	55	18	6	6	47	10	0	0	20	1	0				50			Locked
158909187	311	SMG	★★★★★	Lusa	100	3263300	-	-	x5		1025	1025	29	13	69	94	12	0	0	5	10	0				100			Locked
160152225	320	RF	★★★	GM6 Lynx	1	0	0	0	x1		42	42	51	10	4	23	7	0	0	40	1	0				50			Locked
162099887	321	SG	★★★	TS12	1	0	0	0	x1		121	121	13	2	2	21	6	3	3	40	1	0				55			Locked
162601050	1009	HG	★★★★★	El Clear	1	0	0	0	x1		33	33	10	7	10	39	15	0	0	20	1	0				50			Locked
162602659	1010	HG	★★★★★	El Fail	1	0	0	0	x1		33	33	10	7	10	39	15	0	0	20	1	0				40			Locked
163032648	169	SMG	★★★	SCW	1	0	0	0	x1		84	84	12	2	10	65	12	0	0	5	1	0				50			Locked
163581932	340	AR	★★★★★	TKB-408	1	0	0	0	x1		58	58	19	6	6	48	10	0	0	20	8	0				50			Locked
163581972	325	SG	★★★★	PM5	77	1095000	0	0	x4		840	840	29	10	12	27	6	16	5	40	1	0				100			Locked
163582057	326	SG	★★★★	512	70	714000	0	0	x4		868	868	30	11	10	28	6	15	3	40	1	0				56			Locked
163792125	322	HG	★★★	QSB-91	1	0	0	0	x1		35	35	13	8	9	36	15	0	0	20	1	0				72			Locked
165344488	329	RF	★★★★★	SVCh	100	3263300	-	-	x5		435	435	144	97	30	35	7	0	0	40	10	0				100			Locked
165345021	337	RF	★★★★★	De Lisle	100	3263300	-	-	x5		510	510	109	87	38	37	7	0	0	40	10	0	16Lab Sub-Caliber Armor-Piercing Ammo	VFL 6-24X56	Thermoptic Camouflage Cape	100			Locked
165701551	327	SMG	★★★	SUB-2000	1	0	0	0	x1		97	97	10	2	9	59	12	0	0	5	1	0				50			Locked
166973566	1031	RF	★★★★★	Pekola	90	2055322	0	0	x5		420	420	117	73	37	36	7	0	0	40	10	0			Donut of Sweet Dreams	100			Locked
167000330	1034	SG	★★★★★	Minos	90	1977000	0	0	x5		1360	1360	37	11	10	24	6	20	4	40	8	0			Demonic Bell	65			Locked
167234985	1032	AR	★★★★★	Medusa	90	1977000	0	0	x5		575	575	55	52	43	70	10	0	0	30	1	0				80			Locked
167299750	308	RF	★★★	C14	1	0	0	0	x1		47	47	47	10	4	22	7	0	0	40	1	0				50			Locked
168205722	1030	SMG	★★★★★	Jashin-chan	14	10300	0	0	x1		115	115	12	4	18	58	12	0	0	5	1	0				100			Locked
168205727	1033	MG	★★★★★	Hanazono Yurine	17	15240	0	0	x1		106	106	44	8	7	94	4	0	10	5	4	0				100			Locked
168632363	312	RF	★★★★★	VSK-94	51	246310	0	0	x3		201	201	90	44	18	32	7	0	0	40	10	0				100			Locked
168632555	313	AR	★★★★★	S-ACR	1	0	0	0	x1		62	62	16	6	5	61	10	0	0	20	3	0				50			Locked
168632834	310	HG	★★★★	Rex Zero 1	100	3263300	-	-	x5		350	350	31	56	74	61	15	0	0	20	10	0				100			Locked
172741645	315	SMG	★★★★★	AUG Para	100	3263300	-	-	x5		925	925	29	15	83	88	12	0	0	5	10	0				50			Locked
172944264	319	MG	★★★★	PM1910	1	0	0	0	x1		95	95	34	4	4	72	4	0	10	5	1	0				50			Locked
173181554	318	AR	★★★★★	VHS	1	0	0	0	x1		58	58	19	6	6	51	10	0	0	20	8	0				94			Locked
173198916	317	RF	★★★★	Mondragon M1908	30	45000	0	0	x3		165	165	61	28	13	31	7	0	0	40	1	0				50			Locked
174042958	323	SG	★★★★★	LTLX7000	100	3263300	-	-	x5		1375	1375	23	14	11	28	6	25	5	40	10	0				100			Locked
174350235	339	MG	★★★★★	RPK-203	100	3263300	-	-	x5		825	825	91	34	36	124	4	0	9	5	10	0	Mk1000 SLAP	RMR T4 Red Dot Sight	IOP Maximum Ammo Box	100			Locked
174367756	330	AR	★★★★	FX-05	91	2125320	0	0	x5		525	525	51	50	43	67	10	0	0	20	8	0		APCR High-Velocity Ammo		100			Locked
174368086	338	AR	★★★★★	SIG MCX	100	3263300	-	-	x5		580	580	49	57	46	83	10	0	0	20	10	0				73			Locked
174368190	336	SMG	★★★★	PPD-40	100	3263300	-	-	x5		925	925	26	13	75	88	12	0	0	5	1	0				100			Locked
174368743	328	SMG	★★★★	AR-57	100	3263300	-	-	x5		915	915	26	14	74	92	12	0	0	5	10	0				100			Locked
178828707	323	SG	★★★★★	LTLX7000	93	2405127	0	0	x5		1330	1330	22	13	10	28	6	23	5	40	8	0	16Lab Armor Plate	Shotgun Flash Shells	ITI MARS	100			Locked
179004222	1017	HG	★★★★★	Jill Stingray	1	0	0	0	x1		40	40	10	6	11	36	15	0	0	20	1	0				50			Locked
180498695	349	AR	★★★★	AK74M	1	0	0	0	x1		55	55	17	7	5	48	10	0	0	20	1	0				50			Locked
180499242	347	SMG	★★★★★	SR2	30	45000	0	0	x3		405	405	18	6	26	73	12	0	0	5	2	0				50			Locked
180499530	346	HG	★★★★	CZ100	100	3263300	-	-	x5		365	365	29	54	81	58	15	0	0	20	8	0				100			Locked
183480624	332	HG	★★★★	Derringer	1	0	0	0	x1		35	35	11	8	12	35	15	0	0	20	6	0				50			Locked
184171122	331	HG	★★★★★	Kolibri	100	3263300	-	-	x5		330	330	15	59	128	58	15	0	0	20	10	0	AC4 Suppressor	ILM Hollow-Point Ammo	IOP T4 Exoskeleton	100			Locked
184466107	335	AR	★★★★	Fedorov Avtomat	62	480040	0	0	x3		267	267	44	39	32	52	10	0	0	20	8	0				99			Locked
184481375	333	SMG	★★★★★	VP1915	100	3263300	-	-	x5		1015	1015	25	12	66	91	12	0	0	5	10	0				100			Locked
184542489	334	RF	★★★★★	Model 99	1	0	0	0	x1		49	49	44	10	5	23	7	0	0	40	1	0				94			Locked
185326434	365	AR	★★★★★	SCR	84	1525979	0	0	x4		408	408	46	47	46	74	10	0	0	20	10	0				100			Locked
185326535	355	SMG	★★★★	Vigneron M2	1	0	0	0	x1		88	88	11	2	10	59	12	0	0	5	1	0				50			Locked
185326677	354	HG	★★★★	ZiP .22	100	3263300	-	-	x5		330	330	31	40	85	63	15	0	0	20	10	0				100			Locked
187566140	316	RF	★★★★★	General Liu	30	45000	0	0	x3		156	156	74	33	12	30	7	0	0	40	1	0				64			Locked
187765957	1	HG	★★★★	SAA	90	1986000	0	0	x5		380	380	33	44	69	46	15	0	0	20	1	0				62			Locked
187847405	31	SMG	★★	M38	70	717000	0	0	x4		688	688	26	9	39	68	12	0	0	5	1	0				50			Locked
187847658	71	AR	★★	Galil	1	0	0	0	x1		53	53	17	5	5	43	10	0	0	20	1	0				50			Locked
187890424	351	SG	★★★★★	M26-MASS	88	1851886	0	0	x1		238	238	32	13	13	28	6	20	5	40	1	0	Type 3 Armor Plate			100			Locked
187971517	350	SG	★★★★★	FO-12	90	2058030	0	0	x5		1215	1215	28	12	10	35	6	21	5	40	10	0				100			Locked
188016384	178	SMG	★★★	F1	11	6000	0	0	x2		234	234	12	4	14	57	12	0	0	5	1	0				56			Locked
188145020	344	AR	★★★★	FARA 83	1	0	0	0	x1		55	55	17	7	6	52	10	0	0	20	1	0				50			Locked
188156148	342	AR	★★★★★	KH2002	70	705000	0	0	x4		448	448	43	38	29	71	10	0	0	20	1	0				65			Locked
188165234	331	HG	★★★★★	Kolibri	90	2044260	0	0	x5		315	315	14	54	116	56	15	0	0	20	8	0	AC4 Suppressor	ILM Hollow-Point Ammo	IOP T4 Exoskeleton	100			Locked
188205870	345	MG	★★★★★	MG338	91	2133945	0	0	x5		830	830	98	24	24	121	4	0	9	5	10	0				100			Locked
188247599	331	HG	★★★★★	Kolibri	90	2029980	0	0	x5		315	315	14	54	116	56	15	0	0	20	8	0	AC4 Suppressor	ILM Hollow-Point Ammo	IOP T4 Exoskeleton	100			Locked
188794448	316	RF	★★★★★	General Liu	1	0	0	0	x1		40	40	47	10	4	26	7	0	0	40	1	0				50			
189435780	341	SMG	★★★★★	SP9	97	2895610	0	0	x5		1085	1085	27	13	67	88	12	0	0	5	8	0				100			Locked
189435791	341	SMG	★★★★★	SP9	1	0	0	0	x1		110	110	10	2	8	59	12	0	0	5	1	0				50			Locked
189442412	46	RF	★★★★★	Kar98k	1	0	0	0	x1		42	42	45	9	5	22	7	0	0	40	1	0				50			Locked
189480450	316	RF	★★★★★	General Liu	1	0	0	0	x1		40	40	47	10	4	26	7	0	0	40	1	0				50			
189513805	115	SMG	★★★★★	Suomi	1	0	0	0	x1		110	110	11	2	8	65	12	0	0	5	1	0				50			Locked
189936490	352	SG	★★★★	Nova	90	1988170	0	0	x5		1255	1255	29	12	15	28	6	18	7	40	10	0				53			Locked
190138559	353	SG	★★★★	MAG-7	1	0	0	0	x1		121	121	17	2	2	18	6	3	5	40	1	0				50			Locked
190601096	159	SG	★★★	RMB-93	80	1293600	0	0	x4		872	872	27	9	11	27	6	18	4	40	10	0	Type 3 Armor Plate			50			Locked
191031323	360	RF	★★★★	TFQ	1	0	0	0	x1		45	45	44	10	4	25	7	0	0	40	8	0				50			Locked
191220751	359	SMG	★★★★★	Sterling	11	6000	0	0	x2		218	218	13	4	17	60	12	0	0	5	1	0				50			Locked
191265583	358	HG	★★★★	PPQ	90	2033592	0	0	x5		330	330	30	53	64	60	15	0	0	20	10	0				100			Locked
191457475	358	HG	★★★★	PPQ	1	0	0	0	x1		35	35	12	8	9	42	15	0	0	20	1	0				50			
191700169	361	AR	★★★★★	QBZ-191	91	2167206	0	0	x5		580	580	52	47	42	76	10	0	0	20	10	0	VFL 6-24X56	16Lab High-Velocity Ammo	#2 Processor	100			Locked
191705767	357	HG	★★★★★	Rhino	100	3263300	-	-	x5		365	365	34	77	77	57	15	0	0	40	10	0	RMR T4 Red Dot Sight	16Lab Hollow-Point	IOP X4 Exoskeleton	73			Locked
191705782	357	HG	★★★★★	Rhino	1	0	0	0	x1		37	37	12	9	9	38	15	0	0	40	1	0				50			Locked
191706469	358	HG	★★★★	PPQ	1	0	0	0	x1		35	35	12	8	9	42	15	0	0	20	1	0				50			
191814589	362	MG	★★★★	LS26	1	0	0	0	x1		83	83	39	4	3	65	4	0	9	5	1	0				50			Locked
191959806	323	SG	★★★★★	LTLX7000	100	3263300	-	-	x5		1375	1375	23	14	11	28	6	25	5	40	10	0	Type 3 Armor Plate	Shotgun Flash Shells	ITI MARS	100			Locked
192267354	356	AR	★★★★★	A-545	1	0	0	0	x1		55	55	19	6	6	54	10	0	0	20	1	0				50			
1041067	20065	AR	★★★★★★	416 Mod	120	30283300	-	-	x5	Mod3	620	620	55	51	47	79	10	0	0	20	10	10	EOT XPS3	APCR High-Velocity Ammo	Tactical Headwear	200	Oathed	2020-11-27 13:30	Locked
2907935	20104	SMG	★★★★★★	Gr G36c Mod	112	7129540	746240	153760	x5	Mod2	1075	1075	33	14	70	85	12	0	0	5	10	4	IOP T4 Exoskeleton	ILM Hollow-Point Ammo	AC4 Suppressor	134	Oathed	2023-02-14 11:14	Locked
31102536	20171	AR	★★★★★	Ribeyrolles Mod	104	3853700	70400	109600	x5	Mod1	585	585	64	46	40	68	10	0	0	20	10	0	VFL 6-24X56	APCR High-Velocity Ammo	#2 Processor	100			Locked
87334879	220	HG	★★★	MP-443	99	3148230	30630	115070	x5		345	345	33	52	70	59	15	0	0	20	10	0	AC4 Suppressor	ILM Hollow-Point Ammo	IOP T4 Exoskeleton	100			Locked
188259107	302	SG	★★★★	Defender	81	1349400	48600	17400	x4		892	662	34	11	14	25	6	15	8	40	10	0	Type 3 Armor Plate			69			Locked
157912638	20065	AR	★★★★★★	416 Mod	115	10083300	-	-	x5	Mod2	620	620	54	51	47	78	10	0	0	20	8	8	EOT 518	APCR High-Velocity Ammo	#2 Processor	100			Locked
50674617	216	AR	★★★★	XM8	49	219080	12680	1920	x3		243	243	33	26	24	66	10	0	0	20	1	0				100			Locked
187437817	356	AR	★★★★★	A-545	28	40025	2125	975	x2		140	140	29	19	18	62	10	0	0	20	10	0				56			Locked
187724947	20200	RF	★★★★★	XM3 Mod	113	7399180	115880	1084120	x5	Mod2	425	425	139	93	32	37	7	0	0	40	10	8				100			Locked
188142730	343	AR	★★★★	APC556	18	15750	450	1350	x2		132	132	23	14	13	56	10	0	0	20	1	0				53			Locked
191692203	293	AR	★★★★★	AK-15	53	284980	15580	2220	x3		252	252	40	30	30	65	10	0	0	20	8	0				65			Locked
295537	20008	HG	★★★★	Makarov Mod	115	10319442	236142	1963858	x5	Mod3	340	340	29	63	104	61	15	0	0	20	10	10	Tactical Grip	9x18mm FTX	IOP T4 Exoskeleton	200	Oathed	2022-11-01 13:54	Locked
73826361	245	SMG	★★★★★	P90	100	3263300	-	-	x5		950	950	30	15	83	93	12	0	0	5	10	0	IOP T4 Exoskeleton	ILM Hollow-Point Ammo	DHG Extended Handguard	100			Locked
124089035	242	HG	★★★★★	P22	100	3263300	-	-	x5		350	350	28	66	110	62	15	0	0	20	10	0	AC4 Suppressor	ILM Hollow-Point Ammo	IOP T4 Exoskeleton	100			Locked
153371617	20293	AR	★★★★★★	AK-15 Mod	115	10296387	213087	1986913	x5	Mod3	590	590	63	54	53	78	10	0	0	20	10	10	VFL 6-24X56	APCR High-Velocity Ammo	Perst-4	100			Locked
180498010	348	RF	★★★★★	HS.50	100	3263300	-	-	x5		440	440	159	84	29	33	7	0	0	40	10	0	M1022 Sniper Rounds	VFL 6-24X56	Thermoptic Camouflage Cape	100			Locked
5712273	20007	HG	★★★★★	Stechkin Mod	115	10748352	665052	1534948	x5	Mod3	425	425	31	51	68	66	15	0	0	20	10	8	Stechkin Buttstock	ILM Hollow-Point Ammo	Tactical Thunderbolt Ahoge	100			Locked
10533702	50	RF	★★★★★	Lee Enfield	100	3263300	-	-	x5		400	400	135	78	40	36	7	0	0	40	10	0	Mk211 High-Explosive Armor-Piercing Ammo	No32 MKI	Thermoptic Camouflage Cape	100			Locked
87964902	20049	RF	★★★★	Type56R Mod	115	10421139	337839	1862161	x5	Mod3	475	475	110	70	37	37	7	0	0	40	10	10	Custom Tracer Rounds	VFL 6-24X56	Thermoptic Camouflage Cape	200	Oathed	2023-02-06 13:42	Locked
156431075	282	SG	★★★★★	DP-12	100	3263300	-	-	x5		1265	1265	31	13	13	30	6	23	5	40	10	0	Type 3 Armor Plate	Shotgun Flash Shells	16Lab MARS	100			Locked
179608753	350	SG	★★★★★	FO-12	100	3263300	-	-	x5		1280	1280	30	13	11	36	6	23	5	40	10	0	Type 3 Armor Plate	#7.5 Birdshot	VFL 6-24X56	93			Locked
195264	20001	HG	★★★★★	SAA Mod	117	18072287	2788987	1211013	x5	Mod3	415	415	37	50	79	50	15	0	0	20	10	10	SAA Long Barrel	ILM Hollow-Point Ammo	IOP T4 Exoskeleton	100			Locked
34731237	20122	AR	★★★★★★	Gr G11 Mod	115	10501675	418375	1781625	x5	Mod3	620	620	47	47	44	97	10	0	0	20	10	10	VFL 6-24X56	APCR High-Velocity Ammo	G-box	100			Locked
88459335	20205	AR	★★★★★★	AN-94 Mod	115	10122640	39340	2160660	x5	Mod3	590	590	60	70	49	80	10	0	0	20	10	10	AN-94 Modernization Kit	16Lab High-Velocity Ammo	Focus Chip	200	Oathed	2023-02-09 00:16	Locked
187437862	363	SMG	★★★★	MPL	90	2004600	29200	83400	x5		880	880	29	12	66	75	12	0	0	5	10	0	IOP T4 Exoskeleton	16Lab Hollow-Point	AC4 Suppressor	100			Locked
187437863	364	SMG	★★★★	MPK	90	2010324	34924	77676	x5		880	880	28	12	69	75	12	0	0	5	10	0	IOP T4 Exoskeleton	ILM Hollow-Point Ammo	AC4 Suppressor	100			Locked
1554028	20039	RF	★★★★★	Mosin-Nagant Mod	119	28520950	4237650	1762350	x5	Mod3	455	455	136	89	40	31	7	0	0	40	10	10	Mk211 High-Explosive Armor-Piercing Ammo	K6-24X56	Hayha Memory Chip	200	Oathed	2020-07-19 18:30	Locked
6873626	20125	MG	★★★★★★	Gr MG4 Mod	115	10550834	467534	1732466	x5	Mod3	925	925	92	37	35	140	4	0	10	5	10	10	Mk4 SLAP	Gr MG4 MGO	IOP Maximum Ammo Box	200	Oathed	2022-11-01 13:47	Locked
123463280	242	HG	★★★★★	P22	100	3263300	-	-	x5		350	350	28	66	110	62	15	0	0	20	10	0	AC4 Suppressor	ILM Hollow-Point Ammo	IOP T4 Exoskeleton	100			Locked
184985932	351	SG	★★★★★	M26-MASS	95	2664454	91054	39346	x5		1235	1235	34	14	13	29	6	21	5	40	10	0	Type 3 Armor Plate	#7.5 Birdshot	ITI MARS	100			Locked
191402337	362	MG	★★★★	LS26	90	2072295	96895	15705	x5		785	785	101	27	23	93	4	0	9	5	10	0	Mk1000 SLAP	RMR T4 Red Dot Sight	IOP Maximum Ammo Box	82			Locked
269505	48	RF	★★★★★	WA2000	100	3263300	-	-	x5		440	440	130	82	30	39	7	0	0	40	10	0	Mk211 High-Explosive Armor-Piercing Ammo	SB 2.5-10x56	Thermoptic Camouflage Cape	100			Locked
16379005	20053	RF	★★★★★★	NTW-20 Mod	119	26823253	2539953	3460047	x5	Mod3	475	475	170	81	31	32	7	0	0	40	10	10	20mm HEI	EOT 518	M200X LRF	200	Oathed	2021-01-28 17:07	Locked
26965185	20159	SG	★★★★	RMB-93 Mod	115	10281354	198054	2001946	x5	Mod3	1235	1235	33	12	14	29	6	23	4	40	10	10	Wing-Shaped Mechanical Shield	Shotgun Flash Shells	ITI MARS	100			Locked
157913598	303	HG	★★★★★	HP-35	100	3263300	-	-	x5		380	380	31	64	89	58	15	0	0	20	10	0	AC4 Suppressor	Signal Flare	IOP T4 Exoskeleton	100			Locked
188258963	302	SG	★★★★	Defender	91	2146905	58905	57195	x5		1180	1180	36	12	15	26	6	17	8	40	10	0	Type 3 Armor Plate	20-gauge Custom Slug Rounds	VFL 6-24X56	100			Locked
104476894	231	RF	★★★★★	M82A1	100	3263300	-	-	x5		440	440	158	77	30	34	7	0	0	40	10	0	Mk211 High-Explosive Armor-Piercing Ammo	Barrett QDL	16Lab Thermoptic Cape	100			Locked
116086875	1009	HG	★★★★★	El Clear	100	3263300	-	-	x5		330	330	31	62	88	61	15	0	0	20	10	0	Glorylight	ILM Hollow-Point Ammo	IOP T4 Exoskeleton	100			Locked
123821498	242	HG	★★★★★	P22	95	2682196	108796	21604	x5		340	340	27	63	105	61	15	0	0	20	8	0	AC4 Suppressor	ILM Hollow-Point Ammo	IOP T4 Exoskeleton	100			Locked
173177117	316	RF	★★★★★	General Liu	100	3263300	-	-	x5		400	400	139	88	30	40	7	0	0	40	10	0	M1022 Sniper Rounds	VFL 6-24X56	Thermoptic Camouflage Cape	100			Locked
177426463	352	SG	★★★★	Nova	91	2104914	16914	99186	x5		1260	1260	29	12	15	28	6	18	7	40	10	0	Type 3 Armor Plate	Shotgun Flash Shells	ITI MARS	100			Locked
44673739	257	RF	★★★★★	M200	100	3263300	-	-	x5		440	440	145	96	31	34	7	0	0	40	10	0	Mk211 High-Explosive Armor-Piercing Ammo	16Lab 6-24X56	Thermoptic Camouflage Cape	100			Locked
107279867	229	SG	★★★★★	M870	100	3263300	-	-	x5		1320	1320	33	13	12	29	6	23	4	40	10	0		Shotgun Flash Shells	ITI MARS	100			Locked
117477218	266	RF	★★★★★	R93	100	3263300	-	-	x5		405	405	133	97	34	39	7	0	0	40	10	0	M1022 Sniper Rounds	VFL 6-24X56	Thermoptic Camouflage Cape	100			Locked
132009613	277	HG	★★★	Gr VP70	90	2028060	52660	59940	x5		315	315	29	49	69	58	15	0	0	20	10	0	AC4 Suppressor	ILM Hollow-Point Ammo	IOP T4 Exoskeleton	100			Locked
140527306	272	HG	★★★★★	Desert Eagle	100	3263300	-	-	x5		365	365	41	57	66	55	15	0	0	40	10	0	RMR T4 Red Dot Sight	ILM Hollow-Point Ammo	IOP X4 Exoskeleton	100			Locked
18801146	85	MG	★★★★	PK	100	3263300	-	-	x5		950	950	96	21	23	84	4	0	11	5	10	0				100			Locked
27175027	189	SG	★★★★	USAS-12	100	3263300	-	-	x5		1300	1300	29	11	10	37	6	22	5	40	10	0				100			Locked
48046792	165	SG	★★★★	M1014	100	3263300	-	-	x5		1375	1375	31	12	11	32	6	21	4	40	1	0				100			Locked
121596055	263	MG	★★★★★	Gr MG36	100	3263300	-	-	x5		910	910	85	34	36	129	4	0	10	5	10	0				94			Locked
153368460	292	MG	★★★★★	RPK-16	100	3263300	-	-	x5		825	825	85	37	36	129	4	0	10	5	10	0				100			Locked
40039073	151	SG	★★★★★	M1887	100	3263300	-	-	x5		1375	1375	39	12	12	22	6	22	4	40	8	0				100			Locked
54025562	188	SG	★★★★★	S.A.T.8	100	3263300	-	-	x5		1410	1410	29	13	12	33	6	22	4	40	10	0				100			Locked
92777300	163	SG	★★★★★	AA-12	100	3263300	-	-	x5		1345	1345	30	12	11	39	6	22	5	40	8	0				100			Locked
96322211	160	SG	★★★★★	Saiga-12	100	3263300	-	-	x5		1320	1320	29	12	11	35	6	23	5	40	8	0				100			Locked
141302214	281	SG	★★★★★	CAWS	100	3263300	-	-	x5		1235	1235	30	12	13	35	6	23	5	40	8	0		#000 Buckshot		100			Locked
3474583	142	HG	★★★★★	Five-seven	100	3263300	-	-	x5		315	315	31	57	97	66	15	0	0	20	10	0				100			Locked
32013341	1002	SG	★★★★★	Elphelt	100	3263300	-	-	x5		1375	1375	36	13	9	28	6	23	5	40	10	0				100			Locked
68566246	1022	SG	★★★★★	Dana Zane	100	3263300	-	-	x5		1345	1345	38	15	13	26	6	22	1	40	8	0	Prosthetic Arm			100			Locked
137209698	1025	SG	★★★★★	Triela	100	3263300	-	-	x5		1265	1265	37	12	12	26	6	21	4	40	10	0		Bayonet		100			Locked
163582007	324	SG	★★★★★	M6 ASW	100	3263300	-	-	x5		1300	1300	39	15	14	28	6	22	4	40	10	0				69			Locked
10007072	153	SG	★★★★	M37	100	3263300	-	-	x5		1265	1265	33	12	12	26	6	22	4	40	10	0				100			Locked
12385918	158	SG	★★★	KS-23	100	3263300	-	-	x5		1375	1375	40	9	10	25	6	21	3	40	1	0				100			Locked
18669871	156	SG	★★★★	Super-Shorty	100	3263300	-	-	x5		1210	1210	28	14	19	30	6	20	3	40	3	0				100			Locked
21470651	155	SG	★★★★	M590	100	3263300	-	-	x5		1320	1320	32	11	10	31	6	22	4	40	5	0				100			Locked
52562659	162	SG	★★★★	SPAS-12	100	3263300	-	-	x5		1375	1375	33	11	9	32	6	21	4	40	1	0				100			Locked
40194	18	SMG	★★★	Ingram	90	2001698	0	0	x5		840	840	26	11	62	88	12	0	0	5	1	0				100			Locked
1769504	79	MG	★★★	FF M249SAW	100	3263300	-	-	x5		785	785	79	35	36	139	4	0	8	5	1	0				100			Locked
44675398	197	RF	★★★★★	Carcano M1891	100	3263300	-	-	x5		400	400	138	85	42	34	7	0	0	40	10	0				84			Locked
139953023	275	MG	★★★★	M1895 CB	91	2135270	0	0	x5		910	910	85	24	21	127	4	0	10	5	10	0				100			Locked
154821400	20152	SG	★★★★	M1897 Mod	118	21273920	0	0	x5	Mod3	1350	1350	36	13	11	26	6	22	4	40	8	10		12-gauge Flechette Rounds	ITI MARS	100			Locked
